matricola_socio,titolo_ufficiale,data_inizio,data_conclusione
4418090,Presidente di club,2025-07-01,2026-06-30
96097,Segretario di club,2025-07-01,2026-06-30
1898037,Tesoriere di club,2025-07-01,2026-06-30
4094005,Club First Vice President,2025-07-01,2026-06-30
4738958,Secondo Vice Presidente di Club,2025-07-01,2026-06-30
5066819,Coordinatore LCIF di club,2025-07-01,2026-06-30
90749,Presidente di club addetto ai soci,2025-07-01,2026-06-30
4094005,Presidente di comitato di club addetto alle Tecnologie informatiche,2025-07-01,2026-06-30
2764467,Presidente di comitato di club addetto al protocollo,2025-07-01,2026-06-30
5927932,Presidente di Comitato Marketing,2025-07-01,2026-06-30
1898037,Presidente addetto ai Service di Club,2025-07-01,2026-06-30
4094005,Presidente di club,2026-07-01,2027-06-30
5340154,Presidente di club,2025-07-01,2026-06-30
810703,Segretario di club,2025-07-01,2026-06-30
5779305,Club First Vice President,2025-07-01,2026-06-30
4103391,Tesoriere di club,2025-07-01,2026-06-30
5832544,Secondo Vice Presidente di Club,2025-07-01,2026-06-30
799922,Presidente di comitato di club addetto al protocollo,2025-07-01,2026-06-30
5779305,Presidente di comitato di club addetto alle Tecnologie informatiche,2025-07-11,2026-06-30
5340154,Coordinatore LCIF di club,2025-07-11,2026-06-30
799928,Presidente di club addetto ai soci,2025-07-11,2026-06-30
805314,Presidente addetto ai Service di Club,2025-07-11,2026-06-30
810706,Presidente di Comitato Marketing,2025-07-13,2026-06-30
5066917,Club First Vice President,2025-07-01,2026-06-30
3985872,Presidente di club,2025-07-01,2026-06-30
2862656,Presidente di club addetto ai soci,2025-07-01,2026-06-30
3126081,Coordinatore LCIF di club,2025-07-01,2026-06-30
4700937,Tesoriere di club,2025-07-01,2026-06-30
5867361,Presidente di Comitato Marketing,2025-07-01,2026-06-30
2073353,Segretario di club,2025-07-01,2026-06-30
2073352,Presidente di comitato di club addetto al protocollo,2025-07-01,2026-06-30
26747495,Presidente addetto ai Service di Club,2025-07-01,2026-06-30
5638774,Presidente di club,2025-07-01,2026-06-30
4511767,Presidente di comitato di club addetto al protocollo,2025-07-01,2026-06-30
4603294,Club First Vice President,2025-07-01,2026-06-30
6363710,Secondo Vice Presidente di Club,2025-07-01,2026-06-30
5078116,Coordinatore LCIF di club,2025-07-01,2026-06-30
26924771,Segretario di club,2025-07-01,2026-06-30
5078114,Tesoriere di club,2025-07-01,2026-06-30
4511776,Presidente di club addetto ai soci,2025-07-01,2026-06-30
2622072,Presidente di Comitato Marketing,2025-07-01,2026-06-30
2622072,Presidente di comitato di club addetto alle Tecnologie informatiche,2025-07-01,2026-06-30
6363710,Presidente addetto ai Service di Club,2025-09-23,2026-06-30
956536,Tesoriere di club,2025-07-01,2026-06-30
3562469,Segretario di club,2025-07-01,2026-06-30
5861111,Presidente di club,2025-07-01,2026-06-30
128218,Club First Vice President,2025-07-01,2026-06-30
1413576,Presidente di comitato di club addetto al protocollo,2025-07-01,2026-06-30
149617,Presidente di club addetto ai soci,2025-07-01,2026-06-30
117507,Coordinatore LCIF di club,2025-07-01,2026-06-30
2708424,Direttore di club,2025-07-01,2026-06-30
6406099,Secondo Vice Presidente di Club,2025-07-01,2026-06-30
310545,Segretario di club,2025-07-01,2026-06-30
289682,Club First Vice President,2025-07-01,2026-06-30
289682,Tesoriere di club,2025-07-01,2026-06-30
5077733,Presidente di comitato di club addetto al protocollo,2025-07-01,2026-06-30
5267195,Presidente di club,2025-07-01,2026-06-30
4794213,Presidente di comitato di club addetto alle Tecnologie informatiche,2025-07-01,2026-06-30
4794213,Presidente di Comitato Marketing,2025-07-01,2026-06-30
2980155,Presidente di club addetto ai soci,2025-07-01,2026-06-30
3583125,Coordinatore LCIF di club,2025-07-01,2026-06-30
6406099,Presidente addetto ai Service di Club,2025-10-06,2026-06-30
310545,Direttore di club,2026-07-01,2027-06-30
310545,Amministratore del club,2026-07-01,2027-06-30
6406099,Presidente di club,2026-07-01,2027-06-30
6358584,Club First Vice President,2026-07-01,2027-06-30
295045,Secondo Vice Presidente di Club,2026-07-01,2027-06-30
5110969,Segretario di club,2026-07-01,2027-06-30
289682,Tesoriere di club,2026-07-01,2027-06-30
310545,Presidente di Comitato Marketing,2026-07-01,2027-06-30
3583125,Coordinatore LCIF di club,2026-07-01,2027-06-30
26953925,Presidente di comitato di club addetto al protocollo,2026-07-01,2027-06-30
4794213,Presidente di comitato di club addetto alle Tecnologie informatiche,2026-07-01,2027-06-30
4794213,Presidente di club addetto ai soci,2026-07-01,2027-06-30
3378219,Secondo Vice Presidente di Club,2025-07-01,2026-06-30
6064111,Presidente addetto ai Service di Club,2025-07-01,2026-06-30
2428614,Presidente di club,2025-07-01,2026-06-30
2788937,Club First Vice President,2025-07-01,2026-06-30
2788937,Coordinatore LCIF di club,2025-07-01,2026-06-30
3662977,Segretario di club,2025-07-01,2026-06-30
4643156,Tesoriere di club,2025-07-01,2026-06-30
3656686,Presidente di club addetto ai soci,2025-07-01,2026-06-30
178219,Presidente di Comitato Marketing,2025-07-01,2026-06-30
6064111,Presidente di comitato di club addetto al protocollo,2025-07-01,2026-06-30
5242997,Presidente di club,2025-07-01,2026-06-30
3047549,Segretario di club,2025-07-01,2026-06-30
386439,Tesoriere di club,2025-07-01,2026-06-30
4208891,Club First Vice President,2025-07-01,2026-06-30
3613349,Presidente di comitato di club addetto al protocollo,2025-07-01,2026-06-30
386439,Tesoriere di club,2026-07-01,2027-06-30
27202558,Segretario di club,2026-07-01,2027-06-30
4208891,Presidente di club,2026-07-01,2027-06-30
3613349,Presidente di comitato di club addetto al protocollo,2026-07-01,2027-06-30
5630197,Presidente di club,2025-07-01,2026-06-30
457922,Direttore di club,2025-07-01,2026-06-30
4527269,Club First Vice President,2025-07-01,2026-06-30
6066800,Secondo Vice Presidente di Club,2025-07-01,2026-06-30
4188929,Segretario di club,2025-07-01,2026-06-30
4188928,Tesoriere di club,2025-07-01,2026-06-30
5295393,Presidente addetto ai Service di Club,2025-07-01,2026-06-30
457921,Presidente di comitato di club addetto al protocollo,2025-07-01,2026-06-30
4914518,Presidente di comitato di club addetto alle Tecnologie informatiche,2025-07-01,2026-06-30
4791915,Presidente di club addetto ai soci,2025-07-01,2026-06-30
457922,Amministratore del club,2025-07-01,2026-06-30
468673,Direttore di club,2025-07-01,2026-06-30
5295390,Coordinatore LCIF di club,2025-07-01,2026-06-30
5295393,Club First Vice President,2026-07-01,2027-06-30
4527269,Presidente di Comitato Marketing,2026-07-01,2027-06-30
457922,Amministratore del club,2026-07-01,2027-06-30
4527269,Presidente di club,2026-07-01,2027-06-30
6066800,Secondo Vice Presidente di Club,2026-07-01,2027-06-30
4188929,Segretario di club,2026-07-01,2027-06-30
4188928,Tesoriere di club,2026-07-01,2027-06-30
457921,Presidente di comitato di club addetto al protocollo,2026-07-01,2027-06-30
5630197,Coordinatore LCIF di club,2026-07-01,2027-06-30
457922,Direttore di club,2026-07-01,2027-06-30
4914518,Presidente di comitato di club addetto alle Tecnologie informatiche,2026-07-01,2027-06-30
5295393,Presidente di club addetto ai soci,2026-07-01,2027-06-30
3872250,Presidente addetto ai Service di Club,2026-07-01,2027-06-30
4520110,Presidente di club,2025-07-01,2026-06-30
5693300,Presidente addetto ai Service di Club,2025-07-01,2026-06-30
5094285,Club First Vice President,2025-07-01,2026-06-30
5239626,Secondo Vice Presidente di Club,2025-07-01,2026-06-30
794538,Segretario di club,2025-07-01,2026-06-30
4781057,Tesoriere di club,2025-07-01,2026-06-30
3973987,Presidente di club addetto ai soci,2025-07-01,2026-06-30
794538,Direttore di club,2025-07-01,2026-06-30
5239623,Presidente di comitato di club addetto alle Tecnologie informatiche,2025-07-01,2026-06-30
5284296,Coordinatore LCIF di club,2025-07-01,2026-06-30
3924327,Presidente di Comitato Marketing,2025-07-01,2026-06-30
3924327,Presidente di comitato di club addetto al protocollo,2025-07-01,2026-06-30
4397439,Presidente di club,2025-07-01,2026-06-30
5291033,Presidente addetto ai Service di Club,2025-07-01,2026-06-30
3929321,Club First Vice President,2025-07-01,2026-06-30
4523691,Secondo Vice Presidente di Club,2025-07-01,2026-06-30
6141779,Segretario di club,2025-07-01,2026-06-30
5897949,Tesoriere di club,2025-07-01,2026-06-30
272960,Direttore di club,2025-07-01,2026-06-30
1930343,Direttore di club,2025-07-01,2026-06-30
5291029,Direttore di club,2025-07-01,2026-06-30
5291033,Direttore di club,2025-07-01,2026-06-30
3180354,Coordinatore LCIF di club,2025-07-01,2026-06-30
4093522,Presidente di club addetto ai soci,2025-07-01,2026-06-30
1930340,Presidente di Comitato Marketing,2025-07-01,2026-06-30
1930340,Amministratore del club,2025-07-01,2026-06-30
4819369,Presidente di comitato di club addetto al protocollo,2025-07-01,2026-06-30
5291029,Presidente di comitato di club addetto alle Tecnologie informatiche,2025-07-01,2026-06-30
3052529,Secondo Vice Presidente di Club,2025-07-01,2026-06-30
3604740,Presidente di club addetto ai soci,2025-07-01,2026-06-30
5487665,Presidente di comitato di club addetto al protocollo,2025-07-01,2026-06-30
4364861,Direttore di club,2025-07-01,2026-06-30
4364861,Presidente di club,2025-07-01,2026-06-30
5168313,Club First Vice President,2025-07-01,2026-06-30
4560777,Presidente di comitato di club addetto alle Tecnologie informatiche,2025-07-01,2026-06-30
4364851,Coordinatore LCIF di club,2025-07-01,2026-06-30
6322590,Segretario di club,2025-07-01,2026-06-30
3052527,Presidente addetto ai Service di Club,2025-07-01,2026-06-30
4364851,Tesoriere di club,2025-07-01,2026-06-30
4560777,Presidente di Comitato Marketing,2025-07-01,2026-06-30
3929154,Presidente di club,2025-07-01,2026-06-30
6159261,Secondo Vice Presidente di Club,2025-07-01,2026-06-30
310541,Presidente di comitato di club addetto al protocollo,2025-07-01,2026-06-30
305167,Direttore di club,2025-07-01,2026-06-30
2711653,Segretario di club,2025-07-01,2026-06-30
305167,Amministratore del club,2025-07-01,2026-06-30
3179877,Tesoriere di club,2025-07-01,2026-06-30
305167,Presidente di comitato di club addetto alle Tecnologie informatiche,2025-07-01,2026-06-30
4414725,Club First Vice President,2025-07-01,2026-06-30
4134696,Presidente di Comitato Marketing,2025-07-01,2026-06-30
4134696,Coordinatore LCIF di club,2025-07-01,2026-06-30
310536,Presidente di club addetto ai soci,2025-07-01,2026-06-30
6159261,Presidente addetto ai Service di Club,2025-10-05,2026-06-30
662432,Segretario di club,2025-07-01,2026-06-30
657057,Presidente di club,2025-07-01,2026-06-30
26750841,Tesoriere di club,2025-07-01,2026-06-30
5361555,Club First Vice President,2025-07-01,2026-06-30
1904814,Coordinatore LCIF di club,2025-07-01,2026-06-30
26750639,Presidente di comitato di club addetto al protocollo,2025-07-01,2026-06-30
5901187,Leader di club Cub,2025-10-08,2026-06-30
5901187,Presidente addetto ai Service di Club,2025-10-13,2026-06-30
5383006,Presidente di club,2025-07-01,2026-06-30
4579139,Direttore di club,2025-07-01,2026-06-30
3412336,Coordinatore LCIF di club,2025-07-01,2026-06-30
3256923,Direttore di club,2025-07-01,2026-06-30
3412336,Direttore di club,2025-07-01,2026-06-30
3256923,Segretario di club,2025-07-01,2026-06-30
4579129,Amministratore del club,2025-07-01,2026-06-30
3354573,Tesoriere di club,2025-07-01,2026-06-30
6194547,Club First Vice President,2025-07-01,2026-06-30
3354573,Secondo Vice Presidente di Club,2025-07-01,2026-06-30
1140329,Direttore di club,2025-07-01,2026-06-30
2362803,Direttore di club,2025-07-01,2026-06-30
4871249,Direttore di club,2025-07-01,2026-06-30
3593789,Presidente di club addetto ai soci,2025-07-01,2026-06-30
5383006,Presidente addetto ai Service di Club,2025-07-01,2026-06-30
4658282,Presidente di comitato di club addetto al protocollo,2025-07-01,2026-06-30
5905309,Presidente di club,2025-07-01,2026-06-30
236577,Club First Vice President,2025-07-01,2026-06-30
236573,Secondo Vice Presidente di Club,2025-07-01,2026-06-30
4044787,Segretario di club,2025-07-01,2026-06-30
247305,Presidente di Comitato Marketing,2025-07-01,2026-06-30
3119574,Coordinatore LCIF di club,2025-07-01,2026-06-30
3119574,Presidente di club addetto ai soci,2025-07-01,2026-06-30
4628702,Presidente di comitato di club addetto al protocollo,2025-07-01,2026-06-30
241941,Tesoriere di club,2025-07-01,2026-06-30
247305,Direttore di club,2025-07-01,2026-06-30
236573,Presidente addetto ai Service di Club,2025-07-01,2026-06-30
2802244,Presidente di comitato di club addetto alle Tecnologie informatiche,2025-07-01,2026-06-30
5265933,Presidente di club,2025-07-01,2026-06-30
380424,Tesoriere di club,2025-07-01,2026-06-30
4196572,Segretario di club,2025-07-01,2026-06-30
6306675,Presidente di comitato di club addetto al protocollo,2025-07-01,2026-06-30
3779098,Coordinatore LCIF di club,2025-07-01,2026-06-30
6306675,Club First Vice President,2025-09-06,2026-06-30
26897078,Presidente addetto ai Service di Club,2025-09-29,2026-06-30
412682,Presidente di comitato di club addetto alle Tecnologie informatiche,2025-07-01,2026-06-30
2980065,Club First Vice President,2025-07-01,2026-06-30
3986180,Tesoriere di club,2025-07-01,2026-06-30
401927,Presidente addetto ai Service di Club,2025-07-01,2026-06-30
2759320,Secondo Vice Presidente di Club,2025-07-01,2026-06-30
412682,Segretario di club,2025-07-01,2026-06-30
401929,Presidente di club,2025-07-01,2026-06-30
2759320,Coordinatore LCIF di club,2025-07-01,2026-06-30
2498281,Presidente di Comitato Marketing,2025-07-01,2026-06-30
6391183,Presidente di comitato di club addetto al protocollo,2025-07-01,2026-06-30
412686,Presidente di club addetto ai soci,2025-07-01,2026-06-30
676106,Presidente di club,2025-07-01,2026-06-30
1819314,Segretario di club,2025-07-01,2026-06-30
5295062,Presidente di comitato di club addetto al protocollo,2025-07-01,2026-06-30
5619542,Presidente addetto ai Service di Club,2025-07-01,2026-06-30
5432326,Club First Vice President,2025-07-01,2026-06-30
6378971,Direttore di club,2025-07-01,2026-06-30
3676692,Direttore di club,2025-07-01,2026-06-30
1945554,Presidente di Comitato Marketing,2025-07-01,2026-06-30
3636239,Presidente di club addetto ai soci,2025-07-01,2026-06-30
401935,Coordinatore LCIF di club,2025-07-01,2026-06-30
1886869,Direttore di club,2025-07-01,2026-06-30
3137219,Tesoriere di club,2025-11-21,2026-06-30
582890,Segretario di club,2025-07-01,2026-06-30
4552494,Tesoriere di club,2025-07-01,2026-06-30
2856498,Presidente di club,2025-07-01,2026-06-30
577521,Club First Vice President,2025-07-01,2026-06-30
2369603,Coordinatore LCIF di club,2025-07-01,2026-06-30
4118054,Presidente di comitato di club addetto al protocollo,2025-07-01,2026-06-30
456646,Presidente di club addetto ai soci,2025-07-01,2026-06-30
582890,Presidente di Comitato Marketing,2025-07-26,2026-06-30
2369603,Presidente addetto ai Service di Club,2025-10-04,2026-06-30
4168945,Club First Vice President,2025-07-01,2026-06-30
5281828,Presidente di club,2025-07-01,2026-06-30
5370536,Segretario di club,2025-07-01,2026-06-30
2372519,Direttore di club,2025-07-01,2026-06-30
428816,Direttore di club,2025-07-01,2026-06-30
6318820,Direttore di club,2025-07-01,2026-06-30
6318826,Direttore di club,2025-07-01,2026-06-30
4606193,Tesoriere di club,2025-07-01,2026-06-30
3669511,Secondo Vice Presidente di Club,2025-07-01,2026-06-30
6318820,Presidente di comitato di club addetto al protocollo,2025-07-01,2026-06-30
455692,Presidente di Comitato Marketing,2025-07-19,2026-06-30
4928118,Coordinatore LCIF di club,2025-07-19,2026-06-30
3669511,Presidente addetto ai Service di Club,2025-10-04,2026-06-30
5365525,Presidente di club,2025-07-01,2026-06-30
5365519,Club First Vice President,2025-07-01,2026-06-30
786161,Secondo Vice Presidente di Club,2025-07-01,2026-06-30
1796392,Segretario di club,2025-07-01,2026-06-30
6367423,Tesoriere di club,2025-07-01,2026-06-30
786157,Direttore di club,2025-07-01,2026-06-30
769998,Direttore di club,2025-07-01,2026-06-30
4298904,Direttore di club,2025-07-01,2026-06-30
769997,Direttore di club,2025-07-01,2026-06-30
786163,Direttore di club,2025-07-01,2026-06-30
6051803,Presidente di comitato di club addetto al protocollo,2025-07-01,2026-06-30
769997,Presidente di club addetto ai soci,2025-07-30,2026-06-30
6051803,Presidente di comitato di club addetto al protocollo,2026-07-01,2027-06-30
5365519,Presidente di club,2026-07-01,2027-06-30
786161,Club First Vice President,2026-07-01,2027-06-30
6051803,Secondo Vice Presidente di Club,2026-07-01,2027-06-30
1796392,Segretario di club,2026-07-01,2027-06-30
6367423,Tesoriere di club,2026-07-01,2027-06-30
4798645,Presidente di club addetto ai soci,2026-07-01,2027-06-30
1334660,Tesoriere di club,2025-07-01,2026-06-30
4380506,Club First Vice President,2025-07-01,2026-06-30
2466080,Presidente di comitato di club addetto alle Tecnologie informatiche,2025-07-01,2026-06-30
3704012,Coordinatore LCIF di club,2025-07-01,2026-06-30
4380506,Presidente di Comitato Marketing,2025-07-01,2026-06-30
4330486,Presidente di club,2025-07-01,2026-06-30
2466080,Segretario di club,2025-07-01,2026-06-30
4281851,Presidente di club addetto ai soci,2025-07-01,2026-06-30
1345411,Amministratore del club,2025-07-01,2026-06-30
2661476,Presidente di comitato di club addetto al protocollo,2025-07-01,2026-06-30
1329286,Direttore di club,2025-07-01,2026-06-30
1340036,Direttore di club,2025-07-01,2026-06-30
3275197,Direttore di club,2025-07-01,2026-06-30
2661468,Direttore di club,2025-07-01,2026-06-30
1345407,Direttore di club,2025-07-01,2026-06-30
2466080,Presidente addetto ai Service di Club,2025-07-01,2026-06-30
1340036,Presidente di Comitato Marketing,2026-07-01,2027-06-30
2466080,Presidente di comitato di club addetto alle Tecnologie informatiche,2026-07-01,2027-06-30
1345411,Tesoriere di club,2026-07-01,2027-06-30
1345407,Direttore di club,2026-07-01,2027-06-30
4281851,Secondo Vice Presidente di Club,2026-07-01,2027-06-30
2466080,Segretario di club,2026-07-01,2027-06-30
4380506,Presidente di club,2026-07-01,2027-06-30
3704012,Coordinatore LCIF di club,2026-07-01,2027-06-30
4281851,Presidente di club addetto ai soci,2026-07-01,2027-06-30
1345404,Presidente di comitato di club addetto al protocollo,2026-07-01,2027-06-30
4150485,Direttore di club,2026-07-01,2027-06-30
1329286,Direttore di club,2026-07-01,2027-06-30
5380345,Direttore di club,2026-07-01,2027-06-30
1340036,Direttore di club,2026-07-01,2027-06-30
2661468,Direttore di club,2026-07-01,2027-06-30
1916774,Direttore di club,2026-07-01,2027-06-30
3866396,Presidente di club,2025-07-01,2026-06-30
5716607,Segretario di club,2025-07-01,2026-06-30
3740281,Tesoriere di club,2025-07-01,2026-06-30
6405088,Presidente di comitato di club addetto al protocollo,2025-07-01,2026-06-30
4801663,Presidente di comitato di club addetto alle Tecnologie informatiche,2025-07-01,2026-06-30
2538468,Club First Vice President,2025-07-01,2026-06-30
5100681,Coordinatore LCIF di club,2025-07-01,2026-06-30
2510176,Presidente di club,2025-07-01,2026-06-30
3161585,Presidente addetto ai Service di Club,2025-07-01,2026-06-30
3685857,Presidente di club addetto ai soci,2025-07-01,2026-06-30
4398468,Presidente di comitato di club addetto al protocollo,2025-07-01,2026-06-30
5779872,Segretario di club,2025-07-01,2026-06-30
4081165,Tesoriere di club,2025-07-01,2026-06-30
5779872,Presidente di club addetto ai soci,2026-07-01,2027-06-30
2538468,Presidente di club,2026-07-01,2027-06-30
4801663,Presidente di comitato di club addetto alle Tecnologie informatiche,2026-07-01,2027-06-30
5009275,Coordinatore LCIF di club,2026-07-01,2027-06-30
6227057,Presidente di comitato di club addetto al protocollo,2026-07-01,2027-06-30
3685857,Segretario di club,2026-07-01,2027-06-30
3161585,Tesoriere di club,2026-07-01,2027-06-30
1166584,Coordinatore LCIF di club,2025-07-01,2026-06-30
1994237,Presidente di club addetto ai soci,2025-07-01,2026-06-30
2343734,Amministratore del club,2025-07-01,2026-06-30
1166581,Presidente addetto ai Service di Club,2025-07-01,2026-06-30
5004681,Club First Vice President,2025-07-01,2026-06-30
2598197,Presidente di comitato di club addetto al protocollo,2025-07-01,2026-06-30
2343735,Presidente di club,2025-07-01,2026-06-30
2850345,Tesoriere di club,2025-07-01,2026-06-30
2343734,Direttore di club,2025-07-01,2026-06-30
2343734,Presidente di comitato di club addetto alle Tecnologie informatiche,2025-07-01,2026-06-30
1161210,Presidente di Comitato Marketing,2025-07-01,2026-06-30
2343734,Segretario di club,2025-07-01,2026-06-30
2343734,Amministratore del club,2026-07-01,2027-06-30
2343734,Direttore di club,2026-07-01,2027-06-30
2343734,Club First Vice President,2026-07-01,2027-06-30
1994237,Presidente di comitato di club addetto alle Tecnologie informatiche,2026-07-01,2027-06-30
2422801,Coordinatore LCIF di club,2026-07-01,2027-06-30
1161210,Presidente di Comitato Marketing,2026-07-01,2027-06-30
5004681,Presidente di club,2026-07-01,2027-06-30
26909757,Presidente di comitato di club addetto al protocollo,2026-07-01,2027-06-30
2343734,Segretario di club,2026-07-01,2027-06-30
2598197,Presidente addetto ai Service di Club,2026-07-01,2027-06-30
2850345,Tesoriere di club,2026-07-01,2027-06-30
2343735,Presidente di club addetto ai soci,2026-07-01,2027-06-30
6041891,Presidente di club,2025-07-01,2026-06-30
26907077,Segretario di club,2025-07-01,2026-06-30
6041892,Tesoriere di club,2025-07-01,2026-06-30
5767717,Presidente di comitato di club addetto al protocollo,2025-07-01,2026-06-30
6152383,Presidente di comitato di club addetto alle Tecnologie informatiche,2025-07-01,2026-06-30
5232616,Presidente di club addetto ai soci,2025-07-01,2026-06-30
5767717,Club First Vice President,2025-07-01,2026-06-30
5977966,Secondo Vice Presidente di Club,2025-07-01,2026-06-30
4564594,Direttore di club,2025-07-01,2026-06-30
6152393,Direttore di club,2025-07-01,2026-06-30
5243513,Direttore di club,2025-07-01,2026-06-30
26906417,Direttore di club,2025-07-01,2026-06-30
6152383,Presidente di Comitato Marketing,2025-11-16,2026-06-30
5232613,Direttore di club,2026-07-01,2027-06-30
5767717,Presidente di club,2026-07-01,2027-06-30
6041891,Coordinatore LCIF di club,2026-07-01,2027-06-30
5977966,Club First Vice President,2026-07-01,2027-06-30
26907077,Secondo Vice Presidente di Club,2026-07-01,2027-06-30
5977966,Segretario di club,2026-07-01,2027-06-30
6041892,Tesoriere di club,2026-07-01,2027-06-30
5232556,Presidente di comitato di club addetto al protocollo,2026-07-01,2027-06-30
2520313,Direttore di club,2026-07-01,2027-06-30
6152393,Presidente di comitato di club addetto alle Tecnologie informatiche,2026-07-01,2027-06-30
26906408,Presidente di Comitato Marketing,2026-07-01,2027-06-30
6041891,Presidente di club addetto ai soci,2026-07-01,2027-06-30
5232616,Direttore di club,2026-07-01,2027-06-30
26906417,Direttore di club,2026-07-01,2027-06-30
5243513,Direttore di club,2026-07-01,2027-06-30
6152383,Direttore di club,2026-07-01,2027-06-30
27195675,Direttore di club,2026-07-01,2027-06-30
27195672,Direttore di club,2026-07-01,2027-06-30
27195674,Direttore di club,2026-07-01,2027-06-30
2968138,Presidente di club,2025-07-01,2026-06-30
6047064,Club First Vice President,2025-07-01,2026-06-30
6047064,Segretario di club,2025-07-01,2026-06-30
2335477,Tesoriere di club,2025-07-01,2026-06-30
4191935,Presidente di comitato di club addetto al protocollo,2025-07-01,2026-06-30
6407002,Direttore di club,2025-07-01,2026-06-30
2494502,Direttore di club,2025-07-01,2026-06-30
4191935,Secondo Vice Presidente di Club,2026-03-04,2026-06-30
2494502,Presidente di club addetto ai soci,2026-03-04,2026-06-30
4191935,Coordinatore LCIF di club,2026-03-04,2026-06-30
2494502,Secondo Vice Presidente di Club,2026-07-01,2027-06-30
2968138,Presidente di club addetto ai soci,2026-07-01,2027-06-30
4191935,Presidente di comitato di club addetto al protocollo,2026-07-01,2027-06-30
2494502,Presidente addetto ai Service di Club,2026-07-01,2027-06-30
6407002,Segretario di club,2026-07-01,2027-06-30
6047064,Presidente di club,2026-07-01,2027-06-30
4191935,Club First Vice President,2026-07-01,2027-06-30
2524693,Tesoriere di club,2026-07-01,2027-06-30
4191935,Coordinatore LCIF di club,2026-07-01,2027-06-30
2494502,Presidente di Comitato Marketing,2026-07-01,2027-06-30
3083562,Direttore di club,2026-07-01,2027-06-30
3205500,Direttore di club,2026-07-01,2027-06-30
5999345,Presidente di club,2025-07-01,2026-06-30
3143174,Segretario di club,2025-07-01,2026-06-30
4504399,Tesoriere di club,2025-07-01,2026-06-30
4504399,Club First Vice President,2025-07-01,2026-06-30
6368482,Presidente di comitato di club addetto al protocollo,2025-07-01,2026-06-30
3415790,Coordinatore LCIF di club,2025-07-01,2026-06-30
743854,Presidente di Comitato Marketing,2025-09-30,2026-06-30
743851,Presidente di club addetto ai soci,2025-09-30,2026-06-30
3415790,Presidente addetto ai Service di Club,2025-09-30,2026-06-30
743854,Tesoriere di club,2026-07-01,2027-06-30
4504399,Presidente di club,2026-07-01,2027-06-30
738458,Club First Vice President,2026-07-01,2027-06-30
4301024,Coordinatore LCIF di club,2026-07-01,2027-06-30
3143174,Segretario di club,2026-07-01,2027-06-30
4301024,Presidente addetto ai Service di Club,2026-07-01,2027-06-30
5999345,Presidente di club addetto ai soci,2026-07-01,2027-06-30
6368482,Presidente di Comitato Marketing,2026-07-01,2027-06-30
3415790,Presidente di comitato di club addetto al protocollo,2026-07-01,2027-06-30
451265,Coordinatore LCIF di club,2025-07-01,2026-06-30
3628255,Club First Vice President,2025-07-01,2026-06-30
3020480,Presidente di club,2025-07-01,2026-06-30
5992969,Secondo Vice Presidente di Club,2025-07-01,2026-06-30
451266,Presidente di club addetto ai soci,2025-07-01,2026-06-30
4420617,Segretario di club,2025-07-01,2026-06-30
2073818,Presidente di comitato di club addetto al protocollo,2025-07-01,2026-06-30
5992969,Presidente addetto ai Service di Club,2025-07-01,2026-06-30
4966795,Presidente di comitato di club addetto alle Tecnologie informatiche,2025-07-01,2026-06-30
3516826,Tesoriere di club,2025-11-06,2026-06-30
4966795,Amministratore del club,2025-12-13,2026-06-30
6223351,Presidente di comitato di club addetto alle Tecnologie informatiche,2025-07-01,2026-06-30
5251330,Presidente addetto ai Service di Club,2025-07-01,2026-06-30
4483081,Coordinatore LCIF di club,2025-07-01,2026-06-30
5853746,Club First Vice President,2025-07-01,2026-06-30
795226,Segretario di club,2025-07-01,2026-06-30
5853746,Tesoriere di club,2025-07-01,2026-06-30
4674011,Presidente di comitato di club addetto al protocollo,2025-07-01,2026-06-30
2457017,Presidente di Comitato Marketing,2025-07-01,2026-06-30
3826089,Direttore di club,2025-07-01,2026-06-30
3143165,Direttore di club,2025-07-01,2026-06-30
26752178,Direttore di club,2025-07-01,2026-06-30
5168782,Presidente di club,2025-07-01,2026-06-30
816780,Direttore di club,2025-07-01,2026-06-30
795226,Segretario di club,2026-07-01,2027-06-30
5853746,Presidente di club,2026-07-01,2027-06-30
3826089,Tesoriere di club,2026-07-01,2027-06-30
6223351,Club First Vice President,2026-07-01,2027-06-30
2457017,Presidente di Comitato Marketing,2026-07-01,2027-06-30
26760151,Tesoriere di club,2025-07-01,2026-06-30
5298716,Presidente di club,2025-07-01,2026-06-30
4106462,Segretario di club,2025-07-01,2026-06-30
3658147,Presidente di comitato di club addetto al protocollo,2025-07-01,2026-06-30
4336756,Direttore di club,2025-07-01,2026-06-30
2048190,Tesoriere di club,2025-07-01,2026-06-30
3458212,Direttore di club,2025-07-01,2026-06-30
3673782,Presidente di club,2025-07-01,2026-06-30
3410488,Club First Vice President,2025-07-01,2026-06-30
26883543,Secondo Vice Presidente di Club,2025-07-01,2026-06-30
3571507,Segretario di club,2025-07-01,2026-06-30
2840068,Presidente di club addetto ai soci,2025-07-01,2026-06-30
3410488,Presidente di comitato di club addetto al protocollo,2025-07-01,2026-06-30
2840068,Coordinatore LCIF di club,2025-07-01,2026-06-30
329313,Presidente addetto ai Service di Club,2025-07-01,2026-06-30
26883543,Presidente di comitato di club addetto alle Tecnologie informatiche,2025-07-01,2026-06-30
2465101,Direttore di club,2025-07-01,2026-06-30
4336757,Direttore di club,2025-07-01,2026-06-30
2048204,Direttore di club,2025-07-01,2026-06-30
4602933,Direttore di club,2025-07-01,2026-06-30
1350789,Coordinatore LCIF di club,2025-07-01,2026-06-30
1350789,Secondo Vice Presidente di Club,2025-07-01,2026-06-30
26906580,Club First Vice President,2025-07-01,2026-06-30
26906579,Presidente di comitato di club addetto al protocollo,2025-07-01,2026-06-30
4550907,Direttore di club,2025-07-01,2026-06-30
1356156,Segretario di club,2025-07-01,2026-06-30
4141195,Direttore di club,2025-07-01,2026-06-30
1243361,Direttore di club,2025-07-01,2026-06-30
3906768,Direttore di club,2025-07-01,2026-06-30
1350788,Tesoriere di club,2025-07-01,2026-06-30
3343551,Presidente di club,2025-07-01,2026-06-30
3098334,Direttore di club,2025-07-01,2026-06-30
3529312,Presidente di Comitato Marketing,2025-07-01,2026-06-30
3098334,Presidente addetto ai Service di Club,2025-07-01,2026-06-30
4550907,Direttore di club,2026-07-01,2027-06-30
4550907,Club First Vice President,2026-07-01,2027-06-30
26906579,Direttore di club,2026-07-01,2027-06-30
26906580,Direttore di club,2026-07-01,2027-06-30
1356156,Direttore di club,2026-07-01,2027-06-30
1243361,Direttore di club,2026-07-01,2027-06-30
3529312,Direttore di club,2026-07-01,2027-06-30
1350789,Presidente di comitato di club addetto al protocollo,2026-07-01,2027-06-30
3343551,Direttore di club,2026-07-01,2027-06-30
3343551,Coordinatore LCIF di club,2026-07-01,2027-06-30
4602933,Direttore di club,2026-07-01,2027-06-30
1350789,Secondo Vice Presidente di Club,2026-07-01,2027-06-30
4141195,Presidente di club,2026-07-01,2027-06-30
2421832,Segretario di club,2026-07-01,2027-06-30
1350788,Tesoriere di club,2026-07-01,2027-06-30
3529312,Presidente di club addetto ai soci,2026-07-01,2027-06-30
2562388,Presidente di Comitato Marketing,2026-07-01,2027-06-30
3098334,Presidente addetto ai Service di Club,2026-07-01,2027-06-30
1350789,Direttore di club,2026-07-01,2027-06-30
3098334,Direttore di club,2026-07-01,2027-06-30
5865374,Direttore di club,2025-07-01,2026-06-30
2354010,Presidente addetto ai Service di Club,2025-07-01,2026-06-30
4611668,Tesoriere di club,2025-07-01,2026-06-30
2994801,Presidente di club addetto ai soci,2025-07-01,2026-06-30
6169182,Direttore di club,2025-07-01,2026-06-30
26742432,Secondo Vice Presidente di Club,2025-07-01,2026-06-30
26742432,Segretario di club,2025-07-01,2026-06-30
2994801,Coordinatore LCIF di club,2025-07-01,2026-06-30
2941709,Presidente di club,2025-07-01,2026-06-30
6218809,Club First Vice President,2025-07-01,2026-06-30
128515,Presidente di club,2025-07-01,2026-06-30
4127469,Segretario di club,2025-07-01,2026-06-30
4127474,Tesoriere di club,2025-07-01,2026-06-30
6298245,Presidente di comitato di club addetto al protocollo,2025-07-01,2026-06-30
2871178,Presidente di club,2025-07-01,2026-06-30
6117865,Direttore di club,2025-07-01,2026-06-30
6117847,Tesoriere di club,2025-07-01,2026-06-30
3680130,Direttore di club,2025-07-01,2026-06-30
3680131,Coordinatore LCIF di club,2025-07-01,2026-06-30
2871172,Club First Vice President,2025-07-01,2026-06-30
547087,Segretario di club,2025-07-01,2026-06-30
2668893,Direttore di club,2025-07-01,2026-06-30
5365327,Direttore di club,2025-07-01,2026-06-30
3680127,Direttore di club,2025-07-01,2026-06-30
5944819,Direttore di club,2025-07-01,2026-06-30
5944812,Direttore di club,2025-07-01,2026-06-30
6053390,Direttore di club,2025-07-01,2026-06-30
3680131,Presidente di club addetto ai soci,2025-07-01,2026-06-30
2871172,Presidente di comitato di club addetto al protocollo,2025-07-01,2026-06-30
5944819,Presidente di comitato di club addetto alle Tecnologie informatiche,2025-09-18,2026-06-30
547087,Presidente addetto ai Service di Club,2025-10-06,2026-06-30
3835796,Presidente addetto ai Service di Club,2025-07-01,2026-06-30
6324416,Amministratore del club,2025-07-01,2026-06-30
6324410,Presidente di Comitato Marketing,2025-07-01,2026-06-30
3275854,Presidente di club,2025-07-01,2026-06-30
3142344,Segretario di club,2025-07-01,2026-06-30
3941314,Club First Vice President,2025-07-01,2026-06-30
5245787,Tesoriere di club,2025-07-01,2026-06-30
5016014,Secondo Vice Presidente di Club,2025-07-01,2026-06-30
6137009,Presidente di comitato di club addetto al protocollo,2025-07-01,2026-06-30
3835896,Coordinatore LCIF di club,2025-07-01,2026-06-30
3389142,Presidente di club addetto ai soci,2025-07-01,2026-06-30
1934604,Coordinatore LCIF di club,2025-07-01,2026-06-30
6046414,Direttore di club,2025-07-01,2026-06-30
6367917,Direttore di club,2025-07-01,2026-06-30
4415140,Direttore di club,2025-07-01,2026-06-30
26961333,Direttore di club,2025-07-01,2026-06-30
3812432,Club First Vice President,2025-07-01,2026-06-30
584720,Presidente di comitato di club addetto alle Tecnologie informatiche,2025-07-01,2026-06-30
590089,Presidente di Comitato Marketing,2025-07-01,2026-06-30
6367917,Presidente di club,2025-07-01,2026-06-30
600840,Tesoriere di club,2025-07-01,2026-06-30
5975901,Secondo Vice Presidente di Club,2025-07-01,2026-06-30
3161188,Direttore di club,2025-07-01,2026-06-30
4154075,Segretario di club,2025-07-01,2026-06-30
584712,Direttore di club,2025-07-01,2026-06-30
584714,Direttore di club,2025-07-01,2026-06-30
590097,Direttore di club,2025-07-01,2026-06-30
2785256,Direttore di club,2025-07-01,2026-06-30
5179766,Direttore di club,2025-07-01,2026-06-30
2499606,Direttore di club,2025-07-01,2026-06-30
3961568,Direttore di club,2025-07-01,2026-06-30
5975898,Direttore di club,2025-07-01,2026-06-30
6367921,Direttore di club,2025-07-01,2026-06-30
590092,Direttore di club,2025-07-01,2026-06-30
4374303,Direttore di club,2025-07-01,2026-06-30
4374304,Amministratore del club,2025-07-10,2026-06-30
4374304,Presidente di comitato di club addetto al protocollo,2025-07-29,2026-06-30
4864295,Tesoriere di club,2025-07-01,2026-06-30
6308192,Direttore di club,2025-07-01,2026-06-30
6308196,Segretario di club,2025-07-01,2026-06-30
6308190,Presidente di club,2025-07-01,2026-06-30
676103,Direttore di club,2025-07-01,2026-06-30
670732,Presidente addetto ai Service di Club,2025-07-01,2026-06-30
6308189,Club First Vice President,2025-07-01,2026-06-30
681484,Direttore di club,2025-07-01,2026-06-30
6308194,Direttore di club,2025-07-01,2026-06-30
6308197,Presidente di comitato di club addetto al protocollo,2025-07-01,2026-06-30
4864295,Secondo Vice Presidente di Club,2025-07-01,2026-06-30
3305726,Direttore di club,2025-07-01,2026-06-30
4025501,Direttore di club,2025-07-01,2026-06-30
686859,Direttore di club,2025-07-01,2026-06-30
681490,Direttore di club,2025-07-01,2026-06-30
2716823,Direttore di club,2025-07-01,2026-06-30
6308186,Direttore di club,2025-07-01,2026-06-30
686856,Direttore di club,2025-07-01,2026-06-30
6308189,Presidente di Comitato Marketing,2025-07-20,2026-06-30
4864295,Amministratore del club,2025-12-18,2026-06-30
3305726,Coordinatore LCIF di club,2026-01-16,2026-06-30
6308190,Segretario di club,2026-07-01,2027-06-30
6308189,Presidente di club,2026-07-01,2027-06-30
681484,Presidente di comitato di club addetto al protocollo,2026-07-01,2027-06-30
4864295,Tesoriere di club,2026-07-01,2027-06-30
26751891,Presidente di comitato di club addetto al protocollo,2025-07-01,2026-06-30
26698779,Secondo Vice Presidente di Club,2025-07-01,2026-06-30
2950928,Segretario di club,2025-07-01,2026-06-30
3159416,Tesoriere di club,2025-07-01,2026-06-30
6117294,Presidente di comitato di club addetto alle Tecnologie informatiche,2025-07-01,2026-06-30
26698773,Coordinatore LCIF di club,2025-07-01,2026-06-30
2813791,Presidente di Comitato Marketing,2025-07-01,2026-06-30
2813777,Presidente di club addetto ai soci,2025-07-01,2026-06-30
713736,Presidente addetto ai Service di Club,2025-07-01,2026-06-30
5254135,Presidente di club,2025-07-01,2026-06-30
692240,Club First Vice President,2025-07-01,2026-06-30
364269,Presidente di club,2025-07-01,2026-06-30
380390,Segretario di club,2025-07-01,2026-06-30
5763737,Club First Vice President,2025-07-01,2026-06-30
3027934,Secondo Vice Presidente di Club,2025-07-01,2026-06-30
369638,Tesoriere di club,2025-07-01,2026-06-30
4571433,Presidente di comitato di club addetto al protocollo,2025-07-01,2026-06-30
364264,Direttore di club,2025-07-01,2026-06-30
375020,Direttore di club,2025-07-01,2026-06-30
4531816,Tesoriere di club,2025-07-01,2026-06-30
2516890,Secondo Vice Presidente di Club,2025-07-01,2026-06-30
2449315,Presidente di club addetto ai soci,2025-07-01,2026-06-30
26751001,Presidente di comitato di club addetto al protocollo,2025-07-01,2026-06-30
3304068,Presidente di club,2025-07-01,2026-06-30
5873383,Segretario di club,2025-07-01,2026-06-30
26899179,Coordinatore LCIF di club,2025-07-01,2026-06-30
2532953,Direttore di club,2025-07-01,2026-06-30
3456507,Direttore di club,2025-07-01,2026-06-30
735269,Direttore di club,2025-07-01,2026-06-30
735270,Direttore di club,2025-07-01,2026-06-30
5735390,Presidente di comitato di club addetto alle Tecnologie informatiche,2025-07-01,2026-06-30
5873383,Presidente di Comitato Marketing,2025-07-01,2026-06-30
5066117,Direttore di club,2025-07-01,2026-06-30
2532953,Presidente addetto ai Service di Club,2025-10-07,2026-06-30
5873383,Club First Vice President,2026-01-07,2026-06-30
2586935,Coordinatore LCIF di club,2025-07-01,2026-06-30
3311361,Presidente di club addetto ai soci,2025-07-01,2026-06-30
6068050,Secondo Vice Presidente di Club,2025-07-01,2026-06-30
1354912,Presidente di club,2025-07-01,2026-06-30
3311377,Club First Vice President,2025-07-01,2026-06-30
1880954,Segretario di club,2025-07-01,2026-06-30
5899562,Presidente di comitato di club addetto al protocollo,2025-07-01,2026-06-30
3497067,Tesoriere di club,2025-07-01,2026-06-30
5739831,Presidente di Comitato Marketing,2025-07-22,2026-06-30
6068050,Presidente addetto ai Service di Club,2025-10-07,2026-06-30
3958317,Tesoriere di club,2025-07-01,2026-06-30
3545977,Presidente di club,2025-07-01,2026-06-30
961907,Segretario di club,2025-07-01,2026-06-30
956538,Presidente addetto ai Service di Club,2025-07-01,2026-06-30
961907,Presidente di comitato di club addetto alle Tecnologie informatiche,2025-07-01,2026-06-30
3204367,Presidente di club addetto ai soci,2025-07-01,2026-06-30
4601462,Coordinatore LCIF di club,2025-07-01,2026-06-30
4470551,Presidente di comitato di club addetto al protocollo,2025-07-08,2026-06-30
4601462,Direttore di club,2025-07-08,2026-06-30
4601462,Presidente di club,2026-07-01,2027-06-30
4934250,Club First Vice President,2026-07-01,2027-06-30
3204367,Secondo Vice Presidente di Club,2026-07-01,2027-06-30
961907,Segretario di club,2026-07-01,2027-06-30
3958317,Tesoriere di club,2026-07-01,2027-06-30
4470551,Presidente di comitato di club addetto al protocollo,2026-07-01,2027-06-30
3545977,Coordinatore LCIF di club,2026-07-01,2027-06-30
956538,Presidente di club addetto ai soci,2026-07-01,2027-06-30
4934250,Amministratore del club,2026-07-01,2027-06-30
3783627,Direttore di club,2026-07-01,2027-06-30
4168945,Lion Guida,2024-08-21,2026-08-21
1083010,Lion Guida,2024-08-21,2026-08-21
26875374,Coordinatore LCIF di club,2025-07-01,2026-06-30
26791432,Presidente di club,2025-07-01,2026-06-30
26791445,Club First Vice President,2025-07-01,2026-06-30
26791434,Segretario di club,2025-07-01,2026-06-30
26791435,Tesoriere di club,2025-07-01,2026-06-30
26877135,Presidente di club addetto ai soci,2025-07-01,2026-06-30
26791451,Presidente di comitato di club addetto al protocollo,2025-08-27,2026-06-30
26791434,Presidente addetto ai Service di Club,2025-08-27,2026-06-30
26791448,Presidente di comitato di club addetto alle Tecnologie informatiche,2025-10-30,2026-06-30
26791448,Presidente di Comitato Marketing,2025-10-30,2026-06-30
778376,Club First Vice President,2025-07-01,2026-06-30
778374,Secondo Vice Presidente di Club,2025-07-01,2026-06-30
767597,Segretario di club,2025-07-01,2026-06-30
3232755,Tesoriere di club,2025-07-01,2026-06-30
4175025,Presidente addetto ai Service di Club,2025-07-01,2026-06-30
26928401,Presidente di Comitato Marketing,2025-07-01,2026-06-30
772989,Direttore di club,2025-07-01,2026-06-30
2389174,Presidente di club addetto ai soci,2025-07-01,2026-06-30
789152,Coordinatore LCIF di club,2025-07-01,2026-06-30
778376,Presidente di comitato di club addetto alle Tecnologie informatiche,2025-07-01,2026-06-30
4175025,Presidente di comitato di club addetto al protocollo,2025-07-01,2026-06-30
5439677,Presidente di club,2025-10-25,2026-06-30
6049028,Presidente addetto ai Service di Club,2025-07-01,2026-06-30
5480037,Presidente di Comitato Marketing,2025-07-01,2026-06-30
4861074,Tesoriere di club,2025-07-01,2026-06-30
4861076,Presidente di comitato di club addetto alle Tecnologie informatiche,2025-07-01,2026-06-30
3097933,Presidente di club,2025-07-01,2026-06-30
3097930,Segretario di club,2025-07-01,2026-06-30
3097877,Presidente di comitato di club addetto al protocollo,2025-07-01,2026-06-30
3651666,Club First Vice President,2025-07-01,2026-06-30
5280336,Coordinatore LCIF di club,2025-07-01,2026-06-30
26762332,Presidente di club addetto ai soci,2025-07-01,2026-06-30
3892216,Direttore di club,2025-07-01,2026-06-30
5189009,Presidente di Comitato Marketing,2025-07-01,2026-06-30
5189009,Amministratore del club,2025-07-01,2026-06-30
6149470,Presidente di club addetto ai soci,2025-07-01,2026-06-30
2342414,Presidente di club,2025-07-01,2026-06-30
2342414,Direttore di club,2025-07-01,2026-06-30
5888853,Club First Vice President,2025-07-01,2026-06-30
4362389,Tesoriere di club,2025-07-01,2026-06-30
5189009,Presidente di comitato di club addetto alle Tecnologie informatiche,2025-07-01,2026-06-30
5189009,Segretario di club,2025-07-01,2026-06-30
5322898,Presidente di comitato di club addetto al protocollo,2025-07-01,2026-06-30
4069392,Presidente addetto ai Service di Club,2025-11-03,2026-06-30
4650566,Presidente di Comitato Marketing,2025-07-01,2026-06-30
5293421,Direttore di club,2025-07-01,2026-06-30
3633074,Coordinatore LCIF di club,2025-07-01,2026-06-30
5293421,Presidente di club addetto ai soci,2025-07-01,2026-06-30
5703413,Segretario di club,2025-07-01,2026-06-30
3456486,Presidente di comitato di club addetto alle Tecnologie informatiche,2025-07-01,2026-06-30
740653,Presidente di club,2025-07-01,2026-06-30
4650547,Presidente di comitato di club addetto al protocollo,2025-07-01,2026-06-30
3261413,Club First Vice President,2025-07-01,2026-06-30
6191957,Tesoriere di club,2025-07-01,2026-06-30
4483046,Segretario di club,2025-07-01,2026-06-30
6191979,Presidente addetto ai Service di Club,2025-07-01,2026-06-30
5373837,Presidente di club,2025-07-01,2026-06-30
6191938,Club First Vice President,2025-07-01,2026-06-30
6191949,Presidente di comitato di club addetto al protocollo,2025-07-01,2026-06-30
5901261,Presidente di Comitato Marketing,2025-07-01,2026-06-30
5186882,Presidente di club addetto ai soci,2025-07-01,2026-06-30
6367406,Coordinatore LCIF di club,2025-07-01,2026-06-30
26948699,Presidente di comitato di club addetto alle Tecnologie informatiche,2025-07-01,2026-06-30
6191975,Direttore di club,2025-07-01,2026-06-30
5901279,Direttore di club,2025-07-01,2026-06-30
6191901,Direttore di club,2025-07-01,2026-06-30
4968300,Direttore di club,2025-07-01,2026-06-30
6191867,Direttore di club,2025-07-01,2026-06-30
6191872,Direttore di club,2025-07-01,2026-06-30
6367401,Direttore di club,2025-07-01,2026-06-30
6191951,Direttore di club,2025-07-01,2026-06-30
2586115,Tesoriere di club,2025-07-01,2026-06-30
5557879,Presidente di club,2025-07-01,2026-06-30
3780651,Presidente di comitato di club addetto al protocollo,2025-07-01,2026-06-30
247542,Segretario di club,2025-07-01,2026-06-30
6111005,Secondo Vice Presidente di Club,2025-07-01,2026-06-30
3169805,Club First Vice President,2025-07-01,2026-06-30
5071812,Presidente di comitato di club addetto alle Tecnologie informatiche,2025-07-01,2026-06-30
247540,Coordinatore LCIF di club,2025-07-01,2026-06-30
3662973,Presidente di Comitato Marketing,2025-07-01,2026-06-30
3588489,Presidente di club addetto ai soci,2025-07-01,2026-06-30
247541,Presidente addetto ai Service di Club,2025-07-01,2026-06-30
2698483,Direttore di club,2025-07-01,2026-06-30
2333814,Presidente di club,2025-07-01,2026-06-30
3926662,Club First Vice President,2025-07-01,2026-06-30
3926662,Segretario di club,2025-07-01,2026-06-30
5066597,Tesoriere di club,2025-07-01,2026-06-30
1943711,Presidente di comitato di club addetto al protocollo,2025-07-01,2026-06-30
832296,Presidente di club addetto ai soci,2025-07-28,2026-06-30
826898,Presidente addetto ai Service di Club,2025-07-28,2026-06-30
4974006,Lion Guida,2024-06-18,2026-06-18
1083010,Lion Guida,2024-06-18,2026-06-18
3395073,Club First Vice President,2025-07-01,2026-06-30
2641181,Presidente di comitato di club addetto alle Tecnologie informatiche,2025-07-01,2026-06-30
5344762,Presidente addetto ai Service di Club,2025-07-01,2026-06-30
3726957,Presidente di club,2025-07-01,2026-06-30
5344760,Secondo Vice Presidente di Club,2025-07-01,2026-06-30
26726514,Segretario di club,2025-07-01,2026-06-30
5344758,Tesoriere di club,2025-07-01,2026-06-30
2641181,Presidente di Comitato Marketing,2025-07-01,2026-06-30
26815628,Presidente di club addetto ai soci,2025-07-01,2026-06-30
26726504,Presidente di comitato di club addetto al protocollo,2025-07-01,2026-06-30
4365353,Presidente di club,2025-07-01,2026-06-30
4365349,Segretario di club,2025-07-01,2026-06-30
1255855,Tesoriere di club,2025-07-01,2026-06-30
4365359,Presidente di comitato di club addetto al protocollo,2025-07-01,2026-06-30
4365362,Club First Vice President,2025-07-01,2026-06-30
4365354,Secondo Vice Presidente di Club,2025-07-01,2026-06-30
5625480,Presidente di club addetto ai soci,2025-07-01,2026-06-30
4365351,Presidente di Comitato Marketing,2025-07-01,2026-06-30
5386032,Presidente di comitato di club addetto alle Tecnologie informatiche,2025-07-01,2026-06-30
5379214,Coordinatore LCIF di club,2025-07-01,2026-06-30
5033685,Amministratore del club,2025-07-01,2026-06-30
4365354,Presidente addetto ai Service di Club,2025-09-22,2026-06-30
5735973,Presidente di comitato di club addetto alle Tecnologie informatiche,2025-07-01,2026-06-30
382928,Presidente di club,2025-07-01,2026-06-30
2608738,Club First Vice President,2025-07-01,2026-06-30
382926,Coordinatore LCIF di club,2025-07-01,2026-06-30
388302,Tesoriere di club,2025-07-01,2026-06-30
382928,Direttore di club,2025-07-01,2026-06-30
3321936,Presidente di Comitato Marketing,2025-07-01,2026-06-30
377541,Presidente di club addetto ai soci,2025-07-01,2026-06-30
6101748,Presidente di comitato di club addetto al protocollo,2025-07-01,2026-06-30
382928,Amministratore del club,2025-07-01,2026-06-30
388300,Segretario di club,2025-07-01,2026-06-30
4280304,Presidente addetto ai Service di Club,2025-10-17,2026-06-30
3321936,Presidente di club,2026-07-01,2027-06-30
3321936,Direttore di club,2026-07-01,2027-06-30
3321936,Amministratore del club,2026-07-01,2027-06-30
382926,Club First Vice President,2026-07-01,2027-06-30
388300,Secondo Vice Presidente di Club,2026-07-01,2027-06-30
4280304,Segretario di club,2026-07-01,2027-06-30
388302,Tesoriere di club,2026-07-01,2027-06-30
26908727,Presidente di club addetto ai soci,2026-07-01,2027-06-30
2608738,Presidente addetto ai Service di Club,2026-07-01,2027-06-30
3778065,Coordinatore LCIF di club,2026-07-01,2027-06-30
26908719,Presidente di comitato di club addetto alle Tecnologie informatiche,2026-07-01,2027-06-30
5735973,Presidente di Comitato Marketing,2026-07-01,2027-06-30
6370966,Presidente di comitato di club addetto al protocollo,2026-07-01,2027-06-30
1050915,Direttore di club,2025-07-01,2026-06-30
1904326,Presidente di club,2025-07-01,2026-06-30
26906397,Club First Vice President,2025-07-01,2026-06-30
5131021,Secondo Vice Presidente di Club,2025-07-01,2026-06-30
1050918,Segretario di club,2025-07-01,2026-06-30
1056303,Tesoriere di club,2025-07-01,2026-06-30
1050917,Direttore di club,2025-07-01,2026-06-30
1050919,Direttore di club,2025-07-01,2026-06-30
1045530,Direttore di club,2025-07-01,2026-06-30
4103137,Direttore di club,2025-07-01,2026-06-30
1050918,Presidente di Comitato Marketing,2025-07-01,2026-06-30
1056307,Direttore di club,2025-07-01,2026-06-30
4376774,Presidente di club addetto ai soci,2025-07-01,2026-06-30
5131021,Presidente di comitato di club addetto alle Tecnologie informatiche,2025-07-01,2026-06-30
4557466,Presidente addetto ai Service di Club,2025-07-01,2026-06-30
4376774,Coordinatore LCIF di club,2025-07-01,2026-06-30
1061692,Presidente di comitato di club addetto al protocollo,2025-07-01,2026-06-30
4557466,Direttore di club,2025-07-01,2026-06-30
1056305,Direttore di club,2026-02-15,2026-06-30
4557466,Presidente di club addetto ai soci,2026-07-01,2027-06-30
1050915,Direttore di club,2026-07-01,2027-06-30
1050918,Segretario di club,2026-07-01,2027-06-30
4376774,Direttore di club,2026-07-01,2027-06-30
26906397,Presidente di club,2026-07-01,2027-06-30
5131021,Club First Vice President,2026-07-01,2027-06-30
4376774,Secondo Vice Presidente di Club,2026-07-01,2027-06-30
1056307,Direttore di club,2026-07-01,2027-06-30
1056303,Tesoriere di club,2026-07-01,2027-06-30
1045530,Direttore di club,2026-07-01,2027-06-30
5181738,Direttore di club,2026-07-01,2027-06-30
1050917,Direttore di club,2026-07-01,2027-06-30
1056305,Direttore di club,2026-07-01,2027-06-30
4103137,Direttore di club,2026-07-01,2027-06-30
5131021,Presidente di comitato di club addetto alle Tecnologie informatiche,2026-07-01,2027-06-30
4376774,Coordinatore LCIF di club,2026-07-01,2027-06-30
1050918,Presidente di Comitato Marketing,2026-07-01,2027-06-30
1050918,Presidente di comitato di club addetto al protocollo,2026-07-01,2027-06-30
4557466,Presidente addetto ai Service di Club,2026-07-01,2027-06-30
6045903,Tesoriere di club,2025-07-01,2026-06-30
3854891,Presidente di club,2025-07-01,2026-06-30
6288105,Segretario di club,2025-07-01,2026-06-30
1349539,Presidente di comitato di club addetto al protocollo,2025-07-01,2026-06-30
656224,Presidente di comitato di club addetto alle Tecnologie informatiche,2025-07-01,2026-06-30
650850,Presidente di Comitato Marketing,2025-10-07,2026-06-30
2641178,Club First Vice President,2025-10-07,2026-06-30
650853,Presidente addetto ai Service di Club,2025-11-25,2026-06-30
3660989,Coordinatore LCIF di club,2025-11-25,2026-06-30
26995223,Presidente di club,2025-07-01,2026-06-30
6286619,Club First Vice President,2025-07-01,2026-06-30
5922193,Segretario di club,2025-07-01,2026-06-30
128508,Tesoriere di club,2025-07-01,2026-06-30
6286605,Presidente di comitato di club addetto al protocollo,2025-07-01,2026-06-30
128509,Amministratore del club,2025-07-01,2026-06-30
993894,Presidente di club addetto ai soci,2025-07-01,2026-06-30
6304093,Presidente di club,2025-07-01,2026-06-30
5706206,Club First Vice President,2025-07-01,2026-06-30
977745,Amministratore del club,2025-07-01,2026-06-30
999286,Secondo Vice Presidente di Club,2025-07-01,2026-06-30
5808270,Segretario di club,2025-07-01,2026-06-30
26707434,Tesoriere di club,2025-07-01,2026-06-30
6405805,Direttore di club,2025-07-01,2026-06-30
4745235,Direttore di club,2025-07-01,2026-06-30
5706290,Direttore di club,2025-07-01,2026-06-30
5808261,Direttore di club,2025-07-01,2026-06-30
3931621,Presidente di comitato di club addetto al protocollo,2025-07-01,2026-06-30
4745235,Presidente di Comitato Marketing,2025-07-01,2026-06-30
6405805,Presidente addetto ai Service di Club,2025-07-01,2026-06-30
5706206,Presidente di comitato di club addetto alle Tecnologie informatiche,2025-07-01,2026-06-30
5064488,Coordinatore LCIF di club,2025-07-01,2026-06-30
5149032,Presidente di club,2025-07-01,2026-06-30
3711339,Presidente di comitato di club addetto alle Tecnologie informatiche,2025-07-01,2026-06-30
3137329,Presidente di club addetto ai soci,2025-07-01,2026-06-30
5147284,Presidente di comitato di club addetto al protocollo,2025-07-01,2026-06-30
3187777,Club First Vice President,2025-07-01,2026-06-30
5149805,Segretario di club,2025-07-01,2026-06-30
3592872,Tesoriere di club,2025-07-01,2026-06-30
123692,Coordinatore LCIF di club,2025-07-01,2026-06-30
4152556,Secondo Vice Presidente di Club,2025-10-11,2026-06-30
2657457,Presidente di comitato di club addetto al protocollo,2025-07-01,2026-06-30
4862332,Presidente di club,2025-07-01,2026-06-30
2657457,Club First Vice President,2025-07-01,2026-06-30
1037000,Coordinatore LCIF di club,2025-07-01,2026-06-30
3194259,Secondo Vice Presidente di Club,2025-07-01,2026-06-30
4862328,Segretario di club,2025-07-01,2026-06-30
5120968,Tesoriere di club,2025-07-01,2026-06-30
2449779,Presidente di comitato di club addetto alle Tecnologie informatiche,2025-07-01,2026-06-30
5120967,Presidente di club addetto ai soci,2025-07-01,2026-06-30
1036994,Presidente di Comitato Marketing,2025-07-28,2026-06-30
2371753,Secondo Vice Presidente di Club,2025-07-01,2026-06-30
3240284,Presidente addetto ai Service di Club,2025-07-01,2026-06-30
3539825,Presidente di club addetto ai soci,2025-07-01,2026-06-30
4672938,Presidente di comitato di club addetto al protocollo,2025-07-01,2026-06-30
2371753,Segretario di club,2025-07-01,2026-06-30
3539790,Presidente di club,2025-07-01,2026-06-30
2374304,Tesoriere di club,2025-07-01,2026-06-30
26904607,Presidente di Comitato Marketing,2025-09-04,2026-06-30
1053158,Coordinatore LCIF di club,2025-09-04,2026-06-30
2824425,Presidente di Comitato Marketing,2025-07-01,2026-06-30
5902285,Secondo Vice Presidente di Club,2025-07-01,2026-06-30
5238086,Presidente di club,2025-07-01,2026-06-30
5902285,Segretario di club,2025-07-01,2026-06-30
2552197,Presidente di comitato di club addetto al protocollo,2025-07-01,2026-06-30
3652397,Tesoriere di club,2025-07-01,2026-06-30
5824472,Club First Vice President,2025-07-01,2026-06-30
2824416,Coordinatore LCIF di club,2025-07-01,2026-06-30
5238086,Direttore di club,2025-07-01,2026-06-30
459366,Presidente di club addetto ai soci,2025-07-01,2026-06-30
2552208,Presidente di comitato di club addetto alle Tecnologie informatiche,2025-07-01,2026-06-30
5902285,Presidente addetto ai Service di Club,2025-07-01,2026-06-30
4968494,Direttore di club,2025-07-01,2026-06-30
5566223,Direttore di club,2025-07-01,2026-06-30
3652397,Direttore di club,2025-07-01,2026-06-30
5824472,Direttore di club,2025-07-01,2026-06-30
5329879,Segretario di club,2025-07-01,2026-06-30
2048199,Direttore di club,2025-07-01,2026-06-30
5444688,Presidente di club,2025-07-01,2026-06-30
5444686,Coordinatore LCIF di club,2025-07-01,2026-06-30
1903270,Tesoriere di club,2025-07-01,2026-06-30
5432447,Presidente di comitato di club addetto al protocollo,2025-07-01,2026-06-30
6258059,Presidente di Comitato Marketing,2025-07-01,2026-06-30
5329880,Presidente di club addetto ai soci,2025-07-01,2026-06-30
6258053,Presidente addetto ai Service di Club,2025-07-01,2026-06-30
1250492,Direttore di club,2025-07-01,2026-06-30
6258068,Direttore di club,2025-07-01,2026-06-30
5329877,Direttore di club,2025-07-01,2026-06-30
6278259,Direttore di club,2025-07-01,2026-06-30
1255858,Direttore di club,2025-07-01,2026-06-30
6258471,Club First Vice President,2025-07-01,2026-06-30
4869116,Presidente di club,2025-07-01,2026-06-30
2748874,Segretario di club,2025-07-01,2026-06-30
2401692,Tesoriere di club,2025-07-01,2026-06-30
4061981,Presidente di comitato di club addetto al protocollo,2025-07-01,2026-06-30
2401692,Club First Vice President,2025-07-01,2026-06-30
4869116,Presidente di comitato di club addetto alle Tecnologie informatiche,2025-07-01,2026-06-30
4374017,Coordinatore LCIF di club,2025-07-01,2026-06-30
1132111,Presidente addetto ai Service di Club,2025-10-03,2026-06-30
1126705,Presidente di club addetto ai soci,2025-10-03,2026-06-30
4869116,Presidente di Comitato Marketing,2025-11-05,2026-06-30
5864986,Club First Vice President,2025-07-01,2026-06-30
5864968,Presidente di club,2025-07-01,2026-06-30
4877881,Tesoriere di club,2025-07-01,2026-06-30
6107573,Secondo Vice Presidente di Club,2025-07-01,2026-06-30
1096267,Coordinatore LCIF di club,2025-07-01,2026-06-30
6107573,Presidente di Comitato Marketing,2025-07-01,2026-06-30
1101653,Presidente di comitato di club addetto alle Tecnologie informatiche,2025-07-01,2026-06-30
1090879,Presidente di club addetto ai soci,2025-07-01,2026-06-30
3549116,Presidente addetto ai Service di Club,2025-07-01,2026-06-30
1090879,Presidente di comitato di club addetto al protocollo,2025-07-01,2026-06-30
3158534,Amministratore del club,2025-07-01,2026-06-30
3549118,Direttore di club,2025-07-01,2026-06-30
1080097,Direttore di club,2025-07-01,2026-06-30
1080101,Direttore di club,2025-07-01,2026-06-30
3549118,Segretario di club,2026-03-13,2026-06-30
6173603,Tesoriere di club,2025-07-01,2026-06-30
2539865,Coordinatore LCIF di club,2025-07-01,2026-06-30
4676224,Presidente di club,2025-07-01,2026-06-30
4192770,Club First Vice President,2025-07-01,2026-06-30
4406542,Segretario di club,2025-07-01,2026-06-30
4964810,Presidente di comitato di club addetto alle Tecnologie informatiche,2025-07-01,2026-06-30
1020391,Presidente di comitato di club addetto al protocollo,2025-07-01,2026-06-30
1793727,Presidente di club addetto ai soci,2025-07-01,2026-06-30
6173595,Presidente di Comitato Marketing,2025-07-01,2026-06-30
1020387,Secondo Vice Presidente di Club,2025-09-09,2026-06-30
2323538,Presidente di club,2025-07-01,2026-06-30
3221516,Club First Vice President,2025-07-01,2026-06-30
1233791,Secondo Vice Presidente di Club,2025-07-01,2026-06-30
4272467,Segretario di club,2025-07-01,2026-06-30
1233791,Tesoriere di club,2025-07-01,2026-06-30
1117826,Presidente di comitato di club addetto alle Tecnologie informatiche,2025-07-01,2026-06-30
1112431,Amministratore del club,2025-07-01,2026-06-30
2323538,Coordinatore LCIF di club,2025-07-01,2026-06-30
3221516,Presidente di comitato di club addetto al protocollo,2025-07-01,2026-06-30
4272467,Leader di club Cub,2025-08-02,2026-06-30
3368447,Presidente di club addetto ai soci,2025-07-01,2026-06-30
1043210,Direttore di club,2025-07-01,2026-06-30
3553350,Direttore di club,2025-07-01,2026-06-30
1043209,Presidente di club,2025-07-01,2026-06-30
1037823,Club First Vice President,2025-07-01,2026-06-30
1037829,Tesoriere di club,2025-07-01,2026-06-30
5427068,Presidente di comitato di club addetto al protocollo,2025-07-01,2026-06-30
2595839,Segretario di club,2025-07-01,2026-06-30
2376337,Direttore di club,2025-07-01,2026-06-30
3553352,Direttore di club,2025-07-01,2026-06-30
3410421,Direttore di club,2025-07-01,2026-06-30
935544,Direttore di club,2025-07-01,2026-06-30
940933,Presidente di Comitato Marketing,2025-07-01,2026-06-30
4154109,Presidente di comitato di club addetto alle Tecnologie informatiche,2025-07-01,2026-06-30
2848845,Coordinatore LCIF di club,2025-07-01,2026-06-30
940933,Presidente addetto ai Service di Club,2025-09-25,2026-06-30
4682411,Tesoriere di club,2025-07-01,2026-06-30
5191811,Presidente di club,2025-07-01,2026-06-30
6177167,Segretario di club,2025-07-01,2026-06-30
3410771,Presidente di comitato di club addetto al protocollo,2025-07-01,2026-06-30
1183455,Presidente di club addetto ai soci,2025-07-01,2026-06-30
3243843,Presidente addetto ai Service di Club,2025-07-01,2026-06-30
3589137,Coordinatore LCIF di club,2025-07-01,2026-06-30
2378260,Presidente di club addetto ai soci,2025-07-01,2026-06-30
5700364,Presidente di club,2025-07-01,2026-06-30
3263602,Presidente di comitato di club addetto al protocollo,2025-07-01,2026-06-30
3263602,Presidente addetto ai Service di Club,2025-07-01,2026-06-30
3319346,Segretario di club,2025-07-01,2026-06-30
2363819,Tesoriere di club,2025-07-01,2026-06-30
3872581,Presidente di comitato di club addetto alle Tecnologie informatiche,2025-07-01,2026-06-30
3872581,Presidente di Comitato Marketing,2025-07-01,2026-06-30
2363829,Direttore di club,2025-07-01,2026-06-30
2363822,Direttore di club,2025-07-01,2026-06-30
3075676,Direttore di club,2025-07-01,2026-06-30
2518590,Direttore di club,2025-07-01,2026-06-30
2378259,Coordinatore LCIF di club,2025-07-01,2026-06-30
3319346,Club First Vice President,2025-11-03,2026-06-30
3319346,Presidente di club,2026-07-01,2027-06-30
5700364,Direttore di club,2026-07-01,2027-06-30
2363819,Tesoriere di club,2026-07-01,2027-06-30
3075676,Coordinatore LCIF di club,2026-07-01,2027-06-30
2378260,Presidente di club addetto ai soci,2026-07-01,2027-06-30
27040934,Presidente di comitato di club addetto al protocollo,2026-07-01,2027-06-30
3263602,Presidente addetto ai Service di Club,2026-07-01,2027-06-30
27040817,Segretario di club,2026-07-01,2027-06-30
3872581,Presidente di comitato di club addetto alle Tecnologie informatiche,2026-07-01,2027-06-30
3872581,Presidente di Comitato Marketing,2026-07-01,2027-06-30
2363817,Direttore di club,2026-07-01,2027-06-30
26760423,Club First Vice President,2026-07-01,2027-06-30
3902290,Coordinatore LCIF di club,2025-07-01,2026-06-30
88866,Presidente di club,2025-07-01,2026-06-30
4788178,Club First Vice President,2025-07-01,2026-06-30
6109099,Secondo Vice Presidente di Club,2025-07-01,2026-06-30
6109099,Segretario di club,2025-07-01,2026-06-30
4788173,Tesoriere di club,2025-07-01,2026-06-30
4818845,Presidente di club addetto ai soci,2025-07-01,2026-06-30
4526345,Presidente di comitato di club addetto al protocollo,2025-07-01,2026-06-30
6109099,Presidente di Comitato Marketing,2025-07-21,2026-06-30
88866,Presidente addetto ai Service di Club,2025-09-23,2026-06-30
1128634,Coordinatore LCIF di club,2025-07-01,2026-06-30
2729865,Presidente addetto ai Service di Club,2025-07-01,2026-06-30
3029548,Presidente di club,2025-07-01,2026-06-30
2360776,Club First Vice President,2025-07-01,2026-06-30
5970293,Segretario di club,2025-07-01,2026-06-30
3212672,Tesoriere di club,2025-07-01,2026-06-30
6186904,Presidente di Comitato Marketing,2025-07-01,2026-06-30
3213217,Presidente di club addetto ai soci,2025-07-01,2026-06-30
3213217,Presidente di comitato di club addetto al protocollo,2025-07-01,2026-06-30
464741,Tesoriere di club,2025-07-01,2026-06-30
26703554,Segretario di club,2025-07-01,2026-06-30
5658223,Secondo Vice Presidente di Club,2025-07-01,2026-06-30
2764731,Presidente di club,2025-07-01,2026-06-30
5658220,Club First Vice President,2025-07-01,2026-06-30
2585516,Coordinatore LCIF di club,2025-07-01,2026-06-30
2585518,Presidente di Comitato Marketing,2025-07-01,2026-06-30
26703561,Presidente di comitato di club addetto al protocollo,2025-07-01,2026-06-30
3261953,Presidente addetto ai Service di Club,2025-09-23,2026-06-30
1398222,Amministratore del club,2025-07-01,2026-06-30
2849718,Presidente di club,2025-07-01,2026-06-30
1403613,Club First Vice President,2025-07-01,2026-06-30
1409001,Presidente di comitato di club addetto al protocollo,2025-07-01,2026-06-30
1408997,Tesoriere di club,2025-07-01,2026-06-30
5352012,Segretario di club,2025-07-01,2026-06-30
5182842,Presidente di club addetto ai soci,2025-07-01,2026-06-30
26693697,Presidente di Comitato Marketing,2025-07-01,2026-06-30
2849718,Presidente addetto ai Service di Club,2025-09-23,2026-06-30
5352153,Club First Vice President,2025-07-01,2026-06-30
3563455,Presidente di club,2025-07-01,2026-06-30
5634985,Presidente di comitato di club addetto alle Tecnologie informatiche,2025-07-01,2026-06-30
3563455,Coordinatore LCIF di club,2025-07-01,2026-06-30
4191623,Presidente di club addetto ai soci,2025-07-01,2026-06-30
2341714,Presidente di Comitato Marketing,2025-07-01,2026-06-30
5817281,Presidente di comitato di club addetto al protocollo,2025-07-01,2026-06-30
3982030,Presidente addetto ai Service di Club,2025-07-01,2026-06-30
5352153,Tesoriere di club,2025-07-01,2026-06-30
5352151,Segretario di club,2025-07-01,2026-06-30
3366250,Amministratore del club,2025-07-01,2026-06-30
1311343,Direttore di club,2025-07-01,2026-06-30
3529852,Presidente di club,2025-07-01,2026-06-30
5424375,Segretario di club,2025-07-01,2026-06-30
3909957,Tesoriere di club,2025-07-01,2026-06-30
3708087,Club First Vice President,2025-07-01,2026-06-30
3909961,Secondo Vice Presidente di Club,2025-07-01,2026-06-30
2082353,Presidente di Comitato Marketing,2025-07-01,2026-06-30
6089303,Direttore di club,2025-07-01,2026-06-30
1327474,Presidente di comitato di club addetto al protocollo,2025-07-01,2026-06-30
3909961,Presidente di comitato di club addetto alle Tecnologie informatiche,2025-07-01,2026-06-30
1327472,Direttore di club,2025-07-01,2026-06-30
5931883,Direttore di club,2025-07-01,2026-06-30
1930727,Direttore di club,2025-07-01,2026-06-30
6089314,Direttore di club,2025-07-01,2026-06-30
2970907,Direttore di club,2025-07-01,2026-06-30
2970908,Coordinatore LCIF di club,2025-07-01,2026-06-30
3909961,Presidente addetto ai Service di Club,2025-07-01,2026-06-30
1327474,Presidente di club addetto ai soci,2025-07-01,2026-06-30
6214960,Presidente di club,2025-07-01,2026-06-30
3113037,Club First Vice President,2025-07-01,2026-06-30
128393,Segretario di club,2025-07-01,2026-06-30
2421015,Presidente di comitato di club addetto al protocollo,2025-07-01,2026-06-30
5244033,Tesoriere di club,2025-07-01,2026-06-30
128389,Coordinatore LCIF di club,2025-07-01,2026-06-30
139097,Presidente di club addetto ai soci,2025-07-01,2026-06-30
26906215,Direttore di club,2025-07-01,2026-06-30
6243890,Direttore di club,2025-07-01,2026-06-30
6214949,Direttore di club,2025-07-01,2026-06-30
5434274,Direttore di club,2025-07-01,2026-06-30
2421015,Presidente di Comitato Marketing,2025-07-01,2026-06-30
26906215,Presidente di comitato di club addetto alle Tecnologie informatiche,2025-07-01,2026-06-30
6214960,Presidente addetto ai Service di Club,2025-07-01,2026-06-30
3685029,Secondo Vice Presidente di Club,2025-07-01,2026-06-30
1397415,Presidente di club,2025-07-01,2026-06-30
3749100,Club First Vice President,2025-07-01,2026-06-30
1397414,Segretario di club,2025-07-01,2026-06-30
3402484,Tesoriere di club,2025-07-01,2026-06-30
5916508,Presidente di club addetto ai soci,2025-07-01,2026-06-30
3685016,Coordinatore LCIF di club,2025-07-01,2026-06-30
26824804,Presidente di comitato di club addetto al protocollo,2025-07-01,2026-06-30
1392032,Direttore di club,2025-07-01,2026-06-30
4765451,Presidente di comitato di club addetto alle Tecnologie informatiche,2025-07-01,2026-06-30
4765451,Presidente di Comitato Marketing,2025-07-01,2026-06-30
4073153,Presidente addetto ai Service di Club,2025-07-01,2026-06-30
2450667,Presidente di club addetto ai soci,2025-07-01,2026-06-30
6054618,Presidente di comitato di club addetto alle Tecnologie informatiche,2025-07-01,2026-06-30
5306911,Presidente di club,2025-07-01,2026-06-30
4525166,Club First Vice President,2025-07-01,2026-06-30
5067642,Secondo Vice Presidente di Club,2025-07-01,2026-06-30
3677898,Segretario di club,2025-07-01,2026-06-30
5067631,Tesoriere di club,2025-07-01,2026-06-30
6144959,Presidente addetto ai Service di Club,2025-07-01,2026-06-30
4306111,Presidente di comitato di club addetto al protocollo,2025-07-01,2026-06-30
2767604,Coordinatore LCIF di club,2025-07-01,2026-06-30
3876713,Amministratore del club,2025-07-01,2026-06-30
5568351,Presidente di Comitato Marketing,2025-07-01,2026-06-30
4086969,Presidente di club addetto ai soci,2025-07-01,2026-06-30
5034259,Presidente di club,2025-07-01,2026-06-30
4086975,Club First Vice President,2025-07-01,2026-06-30
4086938,Secondo Vice Presidente di Club,2025-07-01,2026-06-30
5747177,Segretario di club,2025-07-01,2026-06-30
4291185,Tesoriere di club,2025-07-01,2026-06-30
5283528,Presidente di comitato di club addetto al protocollo,2025-07-01,2026-06-30
5747154,Presidente di Comitato Marketing,2025-07-01,2026-06-30
6075371,Presidente addetto ai Service di Club,2025-07-01,2026-06-30
5763755,Coordinatore LCIF di club,2025-07-01,2026-06-30
4086971,Direttore di club,2025-07-01,2026-06-30
5747151,Direttore di club,2025-07-01,2026-06-30
5984200,Tesoriere di club,2025-07-01,2026-06-30
6080580,Segretario di club,2025-07-01,2026-06-30
5246511,Presidente di club,2025-07-01,2026-06-30
6376683,Secondo Vice Presidente di Club,2025-07-01,2026-06-30
5539429,Presidente addetto ai Service di Club,2025-07-01,2026-06-30
5539429,Presidente di Comitato Marketing,2025-07-01,2026-06-30
5984192,Presidente di comitato di club addetto alle Tecnologie informatiche,2025-07-01,2026-06-30
3185174,Amministratore del club,2025-07-01,2026-06-30
5539423,Coordinatore LCIF di club,2025-07-01,2026-06-30
5539420,Presidente di comitato di club addetto al protocollo,2025-07-01,2026-06-30
5539420,Direttore di club,2026-01-16,2026-06-30
6376683,Club First Vice President,2026-01-16,2026-06-30
2644593,Segretario di club,2025-07-01,2026-06-30
3051734,Club First Vice President,2025-07-01,2026-06-30
4165161,Amministratore del club,2025-07-01,2026-06-30
4647366,Presidente di club,2025-07-01,2026-06-30
4165161,Tesoriere di club,2025-07-01,2026-06-30
5084709,Secondo Vice Presidente di Club,2025-07-01,2026-06-30
4165161,Presidente di comitato di club addetto alle Tecnologie informatiche,2025-07-01,2026-06-30
4647366,Presidente di club addetto ai soci,2025-07-01,2026-06-30
3051734,Coordinatore LCIF di club,2025-07-01,2026-06-30
26756196,Presidente di comitato di club addetto al protocollo,2025-07-01,2026-06-30
563678,Direttore di club,2025-07-01,2026-06-30
563677,Presidente di club,2025-07-01,2026-06-30
5021672,Presidente di club addetto ai soci,2025-07-01,2026-06-30
4171065,Segretario di club,2025-07-01,2026-06-30
558305,Club First Vice President,2025-07-01,2026-06-30
5021672,Secondo Vice Presidente di Club,2025-07-01,2026-06-30
542178,Presidente di comitato di club addetto al protocollo,2025-07-01,2026-06-30
2456494,Tesoriere di club,2025-07-01,2026-06-30
547553,Direttore di club,2025-07-01,2026-06-30
4388543,Direttore di club,2025-07-01,2026-06-30
552933,Direttore di club,2025-07-01,2026-06-30
552925,Direttore di club,2025-07-01,2026-06-30
552926,Direttore di club,2025-07-01,2026-06-30
547554,Direttore di club,2025-07-01,2026-06-30
4542970,Coordinatore LCIF di club,2025-07-01,2026-06-30
542178,Presidente addetto ai Service di Club,2025-10-21,2026-06-30
3181303,Direttore di club,2025-07-01,2026-06-30
235433,Direttore di club,2025-07-01,2026-06-30
224708,Presidente di club,2025-07-01,2026-06-30
230069,Tesoriere di club,2025-07-01,2026-06-30
6324131,Segretario di club,2025-07-01,2026-06-30
2642707,Presidente di comitato di club addetto al protocollo,2025-07-01,2026-06-30
230070,Presidente di Comitato Marketing,2025-07-01,2026-06-30
2816659,Direttore di club,2025-07-01,2026-06-30
2642703,Direttore di club,2025-07-01,2026-06-30
2642704,Direttore di club,2025-07-01,2026-06-30
224701,Presidente di club addetto ai soci,2025-07-01,2026-06-30
213981,Presidente addetto ai Service di Club,2025-07-01,2026-06-30
2518225,Club First Vice President,2025-07-01,2026-06-30
2816659,Coordinatore LCIF di club,2025-07-29,2026-06-30
2642704,Direttore di club,2026-07-01,2027-06-30
2518225,Direttore di club,2026-07-01,2027-06-30
6324131,Segretario di club,2026-07-01,2027-06-30
230069,Tesoriere di club,2026-07-01,2027-06-30
2642707,Presidente di comitato di club addetto al protocollo,2026-07-01,2027-06-30
224701,Presidente di club addetto ai soci,2026-07-01,2027-06-30
5125315,Club First Vice President,2026-07-01,2027-06-30
27043321,Secondo Vice Presidente di Club,2026-07-01,2027-06-30
230070,Presidente addetto ai Service di Club,2026-07-01,2027-06-30
219338,Presidente di Comitato Marketing,2026-07-01,2027-06-30
2816659,Direttore di club,2026-07-01,2027-06-30
3181303,Direttore di club,2026-07-01,2027-06-30
2642703,Direttore di club,2026-07-01,2027-06-30
235433,Direttore di club,2026-07-01,2027-06-30
2396352,Coordinatore LCIF di club,2026-07-01,2027-06-30
2361085,Presidente di club,2025-07-01,2026-06-30
2361085,Direttore di club,2025-07-01,2026-06-30
26762619,Club First Vice President,2025-07-01,2026-06-30
2529078,Presidente di comitato di club addetto alle Tecnologie informatiche,2025-07-01,2026-06-30
4856120,Coordinatore LCIF di club,2025-07-01,2026-06-30
6041121,Secondo Vice Presidente di Club,2025-07-01,2026-06-30
2529078,Segretario di club,2025-07-01,2026-06-30
4856120,Tesoriere di club,2025-07-01,2026-06-30
26762619,Presidente di comitato di club addetto al protocollo,2025-07-01,2026-06-30
6041121,Presidente addetto ai Service di Club,2025-09-22,2026-06-30
5853734,Tesoriere di club,2025-07-01,2026-06-30
2945109,Segretario di club,2025-07-01,2026-06-30
5853735,Presidente di Comitato Marketing,2025-07-01,2026-06-30
2945109,Club First Vice President,2025-07-01,2026-06-30
2356360,Coordinatore LCIF di club,2025-07-01,2026-06-30
5853742,Presidente di club,2025-07-01,2026-06-30
1411144,Secondo Vice Presidente di Club,2025-07-01,2026-06-30
5016208,Presidente di comitato di club addetto al protocollo,2025-07-01,2026-06-30
5853729,Direttore di club,2025-07-01,2026-06-30
6128790,Presidente addetto ai Service di Club,2025-07-01,2026-06-30
5853724,Presidente di club addetto ai soci,2025-07-01,2026-06-30
5853749,Direttore di club,2025-07-01,2026-06-30
1411144,Lion Guida,2024-09-10,2026-09-10
3592872,Lion Guida,2024-09-10,2026-09-10
4374550,Presidente di club,2025-07-01,2026-06-30
26794792,Tesoriere di club,2025-07-01,2026-06-30
26794847,Presidente di comitato di club addetto al protocollo,2025-07-01,2026-06-30
26794757,Club First Vice President,2025-07-01,2026-06-30
26794849,Segretario di club,2025-09-02,2026-06-30
5623374,Coordinatore LCIF di club,2025-09-02,2026-06-30
26794855,Presidente addetto ai Service di Club,2025-09-02,2026-06-30
26794766,Presidente di Comitato Marketing,2025-09-02,2026-06-30
26794757,Presidente di club addetto ai soci,2025-09-05,2026-06-30
267614,Presidente addetto ai Service di Club,2025-07-01,2026-06-30
1791335,Direttore di club,2025-07-01,2026-06-30
4521727,Presidente di club addetto ai soci,2025-07-01,2026-06-30
4069391,Segretario di club,2025-07-01,2026-06-30
2365689,Coordinatore LCIF di club,2025-07-01,2026-06-30
1791336,Presidente di Comitato Marketing,2025-07-01,2026-06-30
3779863,Tesoriere di club,2025-07-01,2026-06-30
3361873,Presidente di comitato di club addetto al protocollo,2025-07-01,2026-06-30
4090653,Direttore di club,2025-07-01,2026-06-30
5085733,Direttore di club,2025-07-01,2026-06-30
5759840,Direttore di club,2025-07-01,2026-06-30
272982,Direttore di club,2025-07-01,2026-06-30
4322428,Direttore di club,2025-07-01,2026-06-30
251530,Direttore di club,2025-07-01,2026-06-30
5759844,Presidente di club,2025-10-09,2026-06-30
1934350,Direttore di club,2025-10-09,2026-06-30
6041377,Presidente di club,2025-07-01,2026-06-30
1183460,Tesoriere di club,2025-07-01,2026-06-30
1194203,Segretario di club,2025-07-01,2026-06-30
3828941,Club First Vice President,2025-07-01,2026-06-30
6041380,Secondo Vice Presidente di Club,2025-07-01,2026-06-30
3731552,Presidente di comitato di club addetto alle Tecnologie informatiche,2025-07-01,2026-06-30
1183456,Presidente di Comitato Marketing,2025-07-01,2026-06-30
2381698,Presidente addetto ai Service di Club,2025-07-01,2026-06-30
1194204,Direttore di club,2025-07-01,2026-06-30
1188829,Direttore di club,2025-07-01,2026-06-30
3731551,Direttore di club,2025-07-01,2026-06-30
1194210,Direttore di club,2025-07-01,2026-06-30
1183456,Presidente di comitato di club addetto al protocollo,2025-07-01,2026-06-30
1194205,Coordinatore LCIF di club,2025-07-01,2026-06-30
321317,Presidente di comitato di club addetto al protocollo,2025-07-01,2026-06-30
2036178,Segretario di club,2025-07-01,2026-06-30
5895212,Club First Vice President,2025-07-01,2026-06-30
5186886,Presidente di club,2025-07-01,2026-06-30
6147294,Secondo Vice Presidente di Club,2025-07-01,2026-06-30
4185776,Tesoriere di club,2025-07-01,2026-06-30
5186881,Coordinatore LCIF di club,2025-07-01,2026-06-30
2357836,Presidente di club addetto ai soci,2025-07-01,2026-06-30
3561763,Presidente di Comitato Marketing,2025-07-01,2026-06-30
6147294,Presidente addetto ai Service di Club,2025-07-01,2026-06-30
5186886,Coordinatore LCIF di club,2026-07-01,2027-06-30
4849413,Presidente di comitato di club addetto alle Tecnologie informatiche,2026-07-01,2027-06-30
3561763,Presidente di club addetto ai soci,2026-07-01,2027-06-30
27012836,Tesoriere di club,2026-07-01,2027-06-30
5895212,Presidente di club,2026-07-01,2027-06-30
6147294,Club First Vice President,2026-07-01,2027-06-30
2357836,Secondo Vice Presidente di Club,2026-07-01,2027-06-30
2036178,Segretario di club,2026-07-01,2027-06-30
5186881,Presidente di Comitato Marketing,2026-07-01,2027-06-30
27012153,Presidente addetto ai Service di Club,2026-07-01,2027-06-30
4185776,Presidente di comitato di club addetto al protocollo,2026-07-01,2027-06-30
