id_attivita,id_account_club,nome_club_sponsor,titolo,descrizione,stato,rapporto_completo,livello_attivita,causa,tipo_progetto,attivita_distintiva,finanziata_lcif,data_inizio,data_conclusione,persone_servite,persone_servite_limite,totale_volontari,totale_ore_servizio,totale_ore_servizio_capped,alberi_piantati,valuta_fondi_donati,totale_fondi_donati,fondi_donati_usd_capped,donazione_lcif,organizzazione_beneficiata,valuta_fondi_raccolti,totale_fondi_raccolti,fondi_raccolti_usd_capped,creato_da
SA-09508045,001Ns00000EDgRMIA1,ALTA MAREMMA,Congresso Distretto 108 La,"I delegati Puggelli, Bernardini e Aguggeri hanno partecipato a Firenze al Congresso del nostro Distretto",Comunicato,True,Lions Club,Amministrazione,Attività di rafforzamento del club,False,False,2026-05-16,2026-05-16,,0,3,24.00,24.00,,,,0.00,0,,,,0.00,Maurizio Spagnesi
SA-09565254,001Ns00000EDgRMIA1,ALTA MAREMMA,Riunione di Circoscrizione,Riunione di Circoscrizione presso lo Stabilimento Balneare Valbona di Castiglione della Pescaia.,Comunicato,True,Lions Club,Amministrazione,Attività di rafforzamento del club,False,False,2026-05-30,2026-05-30,,0,6,24.00,24.00,,,,0.00,0,,,,0.00,Maurizio Spagnesi
SA-09565292,001Ns00000EDgRMIA1,ALTA MAREMMA,Codice Rosa,"Contributo al Service ""Codice Rosa""",Comunicato,True,Lions Club,Altro servizio umanitario,Donazione,False,False,2026-06-01,2026-06-01,,0,,,0.00,,EUR,400.00,465.44,0,Codice Rosa,,,0.00,Maurizio Spagnesi
SA-09565312,001Ns00000EDgRMIA1,ALTA MAREMMA,"Disabilità ""Ass. Biglie Sciolte""","Incontro ed offerta di una giornata in piscina e parco giochi all'Associazione ""Biglie Sciolte"", genitori che si occupano dei bambini autistici.
Presente la Presidente dell'Associazione Elena Chelotti e l'Assessore al Sociale del Comune di Follonica Sandro Marrini.",Comunicato,True,Lions Club,Giovani,Altro,False,False,2026-05-31,2026-05-31,20,20,17,51.00,51.00,,EUR,750.00,878.47,0,Biglie Sciolte,,,0.00,Maurizio Spagnesi
SA-09565358,001Ns00000EDgRMIA1,ALTA MAREMMA,Massadotta,Attività di Direttore Sanitario e di Psicologo dei soci Spagnesi ed Aguggeri presso l'ambulatorio onlus di Massadotta,Comunicato,True,Lions Club,Altro servizio umanitario,Attività per altri servizi sanitari,False,False,2026-05-04,2026-05-29,20,20,2,24.00,24.00,,EUR,3000.00,3513.87,0,Massadotta,EUR,3000.00,3513.87,Maurizio Spagnesi
SA-09559423,001Ns00000EDgRMIA1,ANTICHE VALLI LUCCHESI,Laboratorio Disabilità Comune di Capannori (LU),Contributo alla creazione di un laboratorio per disabili in collaborazione con il Comune di Capannori (LU),Comunicato,True,Lions Club,Altro servizio umanitario,Evento comunitario,False,False,2026-02-20,2026-02-20,40,40,5,10.00,10.00,,EUR,1500.00,1789.83,0,Comune di Capannori (LU),EUR,1500.00,1789.83,Antonio Tonelli
SA-09509360,001Ns00000EDgRMIA1,Arezzo Chimera,Partecipazione Consiglio Multidistretto Leo 108 Italy,partecipazione al consiglio del Multidistretto Leo 108 Italy con versamento per cena di gala del sabato,Comunicato,True,Lions Club,Amministrazione,Attività di rafforzamento del club,False,False,2026-02-21,2026-02-21,,0,1,4.00,4.00,,USD,50.00,50.00,0,,,,0.00,Giacomo Martini
SA-09581710,001Ns00000EDgRMIA1,Arezzo Chimera,Presenza alla installazione di un DAE a Vogognano LC Casentino,Presenza alla installazione del DAE presso la chiesa di Santa Maria della Neve a Vogognano comune di Subbiano da parte del LC Casentino.,Comunicato,True,Lions Club,Altro servizio umanitario,Attività per altri servizi sanitari,False,False,2026-05-17,2026-05-17,40,40,2,3.00,3.00,,,,0.00,0,,,,0.00,Giuseppina Violetti
SA-09581844,001Ns00000EDgRMIA1,Arezzo Chimera,II Assemblea Soci 2025/2026,"L'assemblea soci si è riunita per la discussione del presente Ordine del Giorno: 
- Elezione Officers Annata Lionistica 2026/2027,
- Discussione sull?ingresso del Club nel Terzo Settore;
- Nomina delegati alla Convention Distrettuale ed alla Multidistrettuale.
- Acquisto dispositivi audio e video per il Club.
- Varie ed eventuali.",Comunicato,True,Lions Club,Amministrazione,Attività di rafforzamento del club,False,False,2026-04-16,2026-04-16,,0,17,51.00,51.00,,,,0.00,0,,,,0.00,Giuseppina Violetti
SA-09502829,001Ns00000EDgRMIA1,CASENTINO,CONCORSO UN POSTER PER LA PACE,Premiazione alla scuola I.C.S. G.GARIBALDI  ? CAPOLONA SUBBIANO - PREMIAZIONE CLASSI TERZE,Comunicato,True,Lions Club,Giovani,Concorso Un Poster per la Pace e Concorso di saggistica,True,False,2026-05-20,2026-05-20,24,24,6,6.00,6.00,,,,0.00,0,,,,0.00,Antonio de Bari
SA-09518865,001Ns00000EDgRMIA1,CASENTINO,TRE DAE PER IL CUORE DEL CASENTINO - CONSEGNA CHIESA DI VOGOGNANO IN SUBBIANO,"La donazione del Defibrillatore Automatico Esterno (DAE) alla Chiesa di Vogognano rappresenta un importante gesto di attenzione verso la salute e la sicurezza della comunità locale.
Il dispositivo sarà installato in un punto strategico del paese, facilmente accessibile in caso di emergenza, con l?obiettivo di garantire un intervento rapido nelle situazioni di arresto cardiaco improvviso.
La disponibilità di un DAE sul territorio costituisce oggi uno strumento fondamentale di prevenzione e protezione della vita.
L?iniziativa nasce grazie alla collaborazione tra:
LC Casentino, promotore e donatore del dispositivo;
la comunità parrocchiale di Vogognano;
la Misericordia di Subbiano, che si occuperà della gestione del DAE.
Questo progetto dimostra come la collaborazione tra associazioni, volontariato e territorio possa creare valore concreto per i cittadini.
La gestione del defibrillatore sarà affidata alla Misericordia di Subbiano, realtà da sempre impegnata nel soccorso sanitario e nell?assistenza alla popolazione. 
L?associazione garantirà:
il controllo periodico del dispositivo;
la manutenzione e l?efficienza operativa del DAE;
il coordinamento delle attività legate alla formazione BLSD;
la promozione della cultura del primo soccorso sul territorio.

Ogni minuto è determinante in caso di arresto cardiaco.
La presenza di un defibrillatore accessibile sul territorio può aumentare in maniera significativa le probabilità di sopravvivenza.
Per questo motivo, la diffusione dei DAE rappresenta:
un investimento nella salute pubblica;
un segnale di responsabilità sociale;
un esempio concreto di prevenzione sanitaria.
La sensibilizzazione dei cittadini e la formazione all?utilizzo del defibrillatore sono elementi fondamentali per rendere il territorio sempre più sicuro e preparato.
Un gesto di solidarietà verso il territorio
La donazione del DAE alla Chiesa di Vogognano non è soltanto un atto simbolico, ma un contributo concreto al benessere della collettività.
Attraverso questa iniziativa si rafforza il senso di comunità e di vicinanza alle persone, valorizzando il ruolo del volontariato e dell?impegno civile.

La presenza del dispositivo rappresenterà un punto di riferimento importante per residenti, famiglie, anziani e visitatori del territorio.",Comunicato,True,Lions Club,Altro servizio umanitario,Donazione,False,False,2026-05-17,2026-05-17,1000,1000,6,60.00,60.00,,EUR,2000.00,2342.58,0,Comunità di Vogonano in Subbiano,,,0.00,Antonio de Bari
SA-09518911,001Ns00000EDgRMIA1,CASENTINO,TRE DAE PER IL CUORE DEL CASENTINO - CONSEGNA PIAZZA GRANDE IN BIBBIENA,"La donazione del Defibrillatore Automatico Esterno (DAE) all?Associazione ?Amici per Bibbiena? rappresenta un importante intervento a favore della sicurezza pubblica e della tutela della salute dei cittadini. Il dispositivo sarà installato in Piazza Grande, uno dei luoghi più rappresentativi e frequentati del centro storico di Bibbiena, punto di incontro della vita sociale, culturale e comunitaria della città.
La presenza di un DAE accessibile al pubblico costituisce oggi uno strumento fondamentale per intervenire tempestivamente in caso di arresto cardiaco improvviso. L?iniziativa è stata resa possibile grazie alla generosa donazione del LC Casentino, da sempre impegnato nella promozione di progetti sociali, sanitari e di servizio al territorio. Attraverso questa donazione, il LC Casentino conferma la propria attenzione verso il benessere della comunità e la diffusione della cultura della prevenzione.
Il progetto rappresenta un esempio concreto di solidarietà e collaborazione tra associazioni e cittadini, con l?obiettivo comune di rendere il territorio sempre più sicuro e attento alle emergenze sanitarie.
L?installazione del dispositivo contribuirà a:
aumentare la sicurezza nelle aree pubbliche;
garantire un presidio sanitario accessibile nel centro storico;
sensibilizzare cittadini e visitatori sull?importanza del primo soccorso;
promuovere la cultura della prevenzione e della responsabilità collettiva.
Piazza Grande: un luogo simbolico
Piazza Grande rappresenta il cuore storico e sociale di Bibbiena.
È un luogo di incontro, eventi, manifestazioni e aggregazione quotidiana per residenti e visitatori.
La scelta di installare il DAE proprio in questo spazio nasce dalla volontà di garantire una maggiore copertura del territorio in una zona particolarmente frequentata.
La rapidità di intervento nei primi minuti di un?emergenza cardiaca può fare la differenza tra la vita e la morte.
Per questo motivo, la presenza di un defibrillatore in un luogo centrale assume un valore fondamentale per tutta la collettività.
La diffusione dei DAE sul territorio rappresenta oggi una delle più importanti forme di prevenzione sanitaria.
Ogni anno molte vite possono essere salvate grazie a:
un intervento tempestivo;
la disponibilità di dispositivi salvavita;
la formazione dei cittadini alle manovre di primo soccorso.
Questa iniziativa vuole essere anche un messaggio di sensibilizzazione verso l?importanza della sicurezza pubblica e della partecipazione attiva della comunità.",Comunicato,True,Lions Club,Altro servizio umanitario,Donazione,False,False,2026-05-23,2026-05-23,400,400,6,60.00,60.00,,EUR,2000.00,2342.58,0,Comunità di Vogonano in Subbiano,,,0.00,Antonio de Bari
SA-09518944,001Ns00000EDgRMIA1,CASENTINO,LIONS IN PIAZZA 2025,"Il Centro commerciale ?Il Casentino? di Bibbiena vedrà ancora una volta protagonista il Lions Club di vallata con l?ormai tradizionale appuntamento con il ?Lions in piazza?. 
La manifestazione si avvarrà, quest?anno, della preziosa collaborazione della Misericordia di Bibbiena, dell?azienda ESAOTE, uno dei leader mondiali nella diagnostica per immagini: produzione di ecografi, sistemi di risonanza magnetica e software IT per la sanità, e del Centro Commerciale ?Il Casentino?, nonché il patrocinio dei comuni di Poppi, Bibbiena, Pratovecchio Stia, Castel S. Niccolò e Castel Focognano, dell?0rdine provinciale dei medici, dell?azienda USL Toscana Sud-Est e di ISPRO (Istituto per lo Studio, la Prevenzione e la Rete Oncologica). 
Per tutta la giornata di sabato 23 maggio, a partire dalle ore 9,30, medici specialisti si alterneranno nei mezzi mobili messi a disposizione dalla locale Misericordia per offrire gratuitamente consulenza e consigli pratici per numerose specialità. Nella giornata si terranno anche dimostrazioni di primo soccorso pediatrico e di BLSD a cura del centro di formazione della Misericordia di Bibbiena.
Nel corso della mattinata ci sarà anche la consegna di un DAE alla comunità di Bibbiena donato dai Lions nell?ambito di un vasto progetto con cui il Lions Club Casentino donerà 5 postazioni DAE in altrettanti centri strategici casentinesi. 
Con la consulenza dei medici specialisti il Lions Club Casentino, presieduto da Massimiliano Brogi, permetterà a molti cittadini di imparare le principali norme di prevenzione, diagnosi e cura, di valutare il proprio stato di salute e, qualora ve ne sia bisogno, di intervenire. 
?Prevenire prima di curare?, con questo slogan il Lions Club Casentino dà, dunque, appuntamento presso il Centro commerciale ?Il Casentino? di Bibbiena che anche in questa edizione, con grande sensibilità e senso civico, come negli anni passati, ha messo a disposizione del Lions Club locale i propri spazi esterni.",Comunicato,True,Lions Club,Altro servizio umanitario,Attività per altri servizi sanitari,True,False,2026-05-23,2026-05-23,483,483,45,500.00,500.00,,,,0.00,0,,,,0.00,Antonio de Bari
SA-09607741,001Ns00000EDgRMIA1,CASENTINO,Giotto e San Francesco. Una rivoluzione nell'Umbria del Trecento a Perugia,"Mostra  ?Giotto e San Francesco. Una rivoluzione nell'Umbria del Trecento"" a Perugia presso la Galleria Nazionale dell'Umbria - Palazzo dei Priori.",Comunicato,True,Lions Club,Amministrazione,Attività di rafforzamento del club,False,False,2026-05-30,2026-05-30,,0,20,40.00,40.00,,,,0.00,0,,,,0.00,Antonio de Bari
SA-09611408,001Ns00000EDgRMIA1,CASENTINO,CONCORSO UN POSTER PER LA PACE,Premiazione alla scuola I.C.S. ?BERNARDO DOVIZI? ? Bibbiena,Comunicato,True,Lions Club,Giovani,Concorso Un Poster per la Pace e Concorso di saggistica,True,False,2026-06-04,2026-06-04,25,25,6,6.00,6.00,,,,0.00,0,,,,0.00,Antonio de Bari
SA-09611556,001Ns00000EDgRMIA1,CASENTINO,CONCORSO UN POSTER PER LA PACE,Premiazione alla scuola I.C.S. ?BERNARDO DOVIZI? ? Bibbiena Premiazione Vincitrice Ekasmeet Kaur - MERITO ARTISTICO -,Comunicato,True,Lions Club,Giovani,Concorso Un Poster per la Pace e Concorso di saggistica,True,False,2026-06-08,2026-06-08,25,25,5,10.00,10.00,,,,0.00,0,,,,0.00,Antonio de Bari
SA-09611606,001Ns00000EDgRMIA1,CASENTINO,CONCORSO UN POSTER PER LA PACE,Premiazione alla scuola Istituto Comprensivo Statale Poppi,Comunicato,True,Lions Club,Giovani,Concorso Un Poster per la Pace e Concorso di saggistica,True,False,2026-06-05,2026-06-05,24,24,6,6.00,6.00,,,,0.00,0,,,,0.00,Antonio de Bari
SA-09611616,001Ns00000EDgRMIA1,CASENTINO,DONAZIONE STRUMENTI MUSICALI SCUOLA DI STIA,Concerto presso I.C.S. Alto Casentino ? Scuola di Pratovecchio Stia con gli strumenti musicali donati in collaborazione con il ROTARY CLLUB CASENTINO e FIDAPA,Comunicato,True,Lions Club,Giovani,Donazione,False,False,2026-06-04,2026-06-04,60,60,6,30.00,30.00,,,,0.00,0,,,,0.00,Antonio de Bari
SA-09487818,001Ns00000EDgRMIA1,"CASTIGLIONE DELLA PESCAIA ""SALEBRUM""",Aiuola Melvin Jones,"Rifacimento dell'aiuola sita in Piazza Orsino Orsini in Castiglione della Pescaia, nominata con il nome del fondatore della nostra Associazione.",Comunicato,True,Lions Club,Ambiente,Messa a dimora e cura di alberi,False,False,2026-04-23,2026-04-23,120,120,14,70.00,70.00,,,,0.00,0,,,,0.00,Roberto Breschi
SA-09487858,001Ns00000EDgRMIA1,"CASTIGLIONE DELLA PESCAIA ""SALEBRUM""",Charter e Visita del Governatore,"In occasione della Charte e Visita del Governatore donati a  ISPRO, Istituto per lo Studio, la Prevenzione e la Rete Oncologica ? 1000,00.",Comunicato,True,Lions Club,Altro servizio umanitario,Donazione,False,False,2026-04-24,2026-04-24,120,120,120,60.00,60.00,,EUR,1000.00,1154.22,0,"IISPRO Istituto per lo Studio, la Prevenzione e la Rete Oncologica",,,0.00,Roberto Breschi
SA-09487907,001Ns00000EDgRMIA1,"CASTIGLIONE DELLA PESCAIA ""SALEBRUM""",Gli Etruschi a occhi chiusi,"Iniziatica organizzata dal Lions Club Castiglione della Pescaia Salebrum in collaborazione con Leo Club Francesco Iannitelli, la Unione Italiana Ciechi e Ipovedenti, il Muvet-Museo Civico Archeologico Isidoro Falchi, con il patrocinio dell'Amministrazione Comunale di Castiglione della Pescaia.",Comunicato,True,Lions Club,Vista,Servizi di assistenza per non vedenti e ipovedenti,False,False,2026-05-16,2026-05-16,85,85,30,60.00,60.00,,,,0.00,0,,,,0.00,Roberto Breschi
SA-09487952,001Ns00000EDgRMIA1,"CASTIGLIONE DELLA PESCAIA ""SALEBRUM""",Interconnettiamoci...ma con la testa,"Service di rilevanza nazionale che il Salebrum ha svolto per le lassi quarta e quinta della Scuola Primaria di Castiglione della Pescaia. Ha svolto la lezione Pietro Fontana, Ingegnere Elettronico specializzato n sicurezza informatica e Governatore eletto del Distretto 108La per l''anno lionistico 2026/2027.",Comunicato,True,Lions Club,Altro servizio umanitario,Sensibilizzazione e istruzione e advocacy,False,False,2026-05-18,2026-05-18,60,60,5,15.00,15.00,,,,0.00,0,,,,0.00,Roberto Breschi
SA-09487999,001Ns00000EDgRMIA1,"CASTIGLIONE DELLA PESCAIA ""SALEBRUM""",Congresso Distrettuale,Congresso Distrettuale a Firenze Radisson Blu Hotel Florence. Cinque delegati più due Soci del Salebrum supplenti hanno partecipato.,Comunicato,True,Lions Club,Amministrazione,Attività di rafforzamento del club,False,False,2026-05-16,2026-05-16,,0,7,70.00,70.00,,,,0.00,0,,,,0.00,Roberto Breschi
SA-09515733,001Ns00000EDgRMIA1,CHIANCIANO TERME,PROGETTO MARTINA,"Informare i giovani sui corretti stili di vita, sui rischi del fumo, dell'alcol e delle droghe, sull'importanza della prevenzione e della diagnosi tempestiva nella lotta ai tumori, tramite lezioni-dialogo rivolte agli studenti nelle scuole secondarie  tenute da oncologi.",Comunicato,True,Lions Club,Cancro infantile,Sensibilizzazione e istruzione e advocacy,False,False,2026-03-25,2026-04-22,300,300,3,30.00,30.00,,,,0.00,0,,,,0.00,Franca Salerno
SA-09527159,001Ns00000EDgRMIA1,FIRENZE COSIMO DEI MEDICI,Economia italiana e toscana tra crisi geopolitiche e nuovi  stili di vita,Nella splendida cornice dell'Hotel Villa Medici di Firenze ii relatori : Maura Laatini Presidente coop Italia e Giuseppe Salvini segretario generale CCIAA di Firenze ci hanno parlato della situazione economica italiana alla luce delle ultime crisi geopolitiche.durante la serata è entrata nel club una nuova socia associata:Sabrina Masotti,Comunicato,True,Lions Club,Altro servizio umanitario,Sensibilizzazione e istruzione e advocacy,False,False,2026-05-04,2026-05-04,40,40,4,15.00,15.00,,,,0.00,0,,,,0.00,Paola Boretti Cavalieri
SA-09527321,001Ns00000EDgRMIA1,FIRENZE COSIMO DEI MEDICI,Visita Basilica di S. Spirito,"Il club ha partecipato alla visita della Basilica di S. Spirito , guidata dal Prof. Cipriani. Abbiamo potuto ammirare il crocifisso del giovane Michelangelo e inoltre abbiamo anche potuto vistare la biblioteca dove viene custodito il corale che verrà restaurato anche grazie al nostro contributo. la giornata si è conclusa con una conviviale",Comunicato,True,Lions Club,Altro servizio umanitario,Evento comunitario,False,False,2026-05-09,2026-05-09,20,20,5,10.00,10.00,,EUR,1000.00,1171.29,0,frati di S. spirito,,,0.00,Paola Boretti Cavalieri
SA-09491890,001Ns00000EDgRMIA1,FIRENZE DANTE ALIGHIERI,Service per Kairos,Partecipazione al progetto Kairos per la donazione di ausili scolastici,Comunicato,True,Lions Club,Giovani,Donazione,False,False,2026-02-04,2026-02-04,61,61,,183.00,183.00,,USD,0.00,0.00,0,ICS La Pira,,,0.00,Andrea Fantini
SA-09498141,001Ns00000EDgRMIA1,Firenze Filippo Neri,Consiglio Direttivo,Riunione Consiglio Direttivo,Comunicato,True,Lions Club,Amministrazione,Attività di rafforzamento del club,False,False,2026-05-13,2026-05-13,,0,7,466.00,466.00,,,,0.00,0,,,,0.00,Monia Pesci
SA-09498177,001Ns00000EDgRMIA1,Firenze Filippo Neri,Consiglio Direttivo Straordinario,Riunione straordinaria Consiglio Direttivo,Comunicato,True,Lions Club,Amministrazione,Attività di rafforzamento del club,False,False,2026-04-21,2026-04-21,,0,6,4.00,4.00,,,,0.00,0,,,,0.00,Monia Pesci
SA-09498211,001Ns00000EDgRMIA1,Firenze Filippo Neri,Riunione di Circoscrizione,Riunione di Circoscrizione,Comunicato,True,Lions Club,Amministrazione,Attività di rafforzamento del club,False,False,2026-04-22,2026-04-22,,0,3,9.00,9.00,,,,0.00,0,,,,0.00,Monia Pesci
SA-09498249,001Ns00000EDgRMIA1,Firenze Filippo Neri,Medici in Piazza a Bagno a Ripoli,Medici in Piazza a Bagno a Ripoli a per screening ed esami medici,Comunicato,True,Lions Club,Diabete,Screening per il diabete di tipo 2,False,False,2026-03-21,2026-03-21,60,60,10,68.00,68.00,,,,0.00,0,,,,0.00,Monia Pesci
SA-09498399,001Ns00000EDgRMIA1,Firenze Filippo Neri,Spettacolo di varietà c/o Teatro Cartiere Carrara,Spettacolo di varietà c/o Teatro Cartiere Carrara per raccolta fondi per Fondazione Zia Caterina e ISPRO,Comunicato,True,Lions Club,Altro servizio umanitario,Altro,False,False,2026-03-05,2026-03-05,,0,,,0.00,,EUR,2.36,2.79,0,Fondazione Zia Caterina e ISPRO,EUR,2000.00,2362.45,Monia Pesci
SA-09498510,001Ns00000EDgRMIA1,Firenze Filippo Neri,Consiglio Direttivo e Assemblea delle Candidature presso Salone Picchiani,Consiglio Direttivo e Assemblea delle Candidature dei futuri Officers,Comunicato,True,Lions Club,Amministrazione,Attività di rafforzamento del club,False,False,2026-04-01,2026-04-01,,0,16,48.00,48.00,,,,0.00,0,,,,0.00,Monia Pesci
SA-09498586,001Ns00000EDgRMIA1,Firenze Filippo Neri,RIUNIONE PER LE ELEZIONI ANNUALI E LA SELEZIONE DEI DELEGATI DI CLUB E DEI SOSTITUTI AVENTI DIRITTO DI VOTO AL CONGRESSO DISTRETTUALE,RIUNIONE PER LE ELEZIONI ANNUALI E LA SELEZIONE DEI DELEGATI DI CLUB E DEI SOSTITUTI AVENTI DIRITTO DI VOTO AL CONGRESSO DISTRETTUALE,Comunicato,True,Lions Club,Amministrazione,Attività di rafforzamento del club,False,False,2026-04-08,2026-04-08,,0,21,31.50,31.50,,,,0.00,0,,,,0.00,Monia Pesci
SA-09498694,001Ns00000EDgRMIA1,Firenze Filippo Neri,Medici in Piazza della Repubblica,Medici in Piazza della Repubblica per la prevenzione e lo screenig oncologici,Comunicato,True,Lions Club,Altro servizio umanitario,Attività per altri servizi sanitari,False,False,2026-05-09,2026-05-09,1,1,2,2.00,2.00,,,,0.00,0,,,,0.00,Monia Pesci
SA-09515062,001Ns00000EDgRMIA1,Firenze Filippo Neri,Cena degli Auguri c/o ristorante La Loggia,Cena degli Auguri c/o ristorante La Loggia con riunione Consiglio Direttivo con Governatore e suo staff ed entrata nuovi soci,Comunicato,True,Lions Club,Amministrazione,Attività di rafforzamento del club,False,False,2025-12-10,2025-12-10,,0,100,600.00,600.00,,,,0.00,0,,,,0.00,Monia Pesci
SA-09514081,001Ns00000EDgRMIA1,Firenze Filippo Neri,Questionario ISTAT,Questionario ISTAT per il Club,Comunicato,True,Lions Club,Amministrazione,Attività di rafforzamento del club,False,False,2025-09-04,2025-09-04,,0,1,1.00,1.00,,,,0.00,0,,,,0.00,Monia Pesci
SA-09514113,001Ns00000EDgRMIA1,Firenze Filippo Neri,1° Riunione Consultiva Distrettuale Chiusi,1° Riunione Consultiva Distrettuale Chiusi,Comunicato,True,Lions Club,Amministrazione,Attività di rafforzamento del club,False,False,2025-09-13,2025-09-13,,0,4,20.00,20.00,,,,0.00,0,,,,0.00,Monia Pesci
SA-09514175,001Ns00000EDgRMIA1,Firenze Filippo Neri,Consiglio Direttivo,Consiglio Direttivo,Comunicato,True,Lions Club,Amministrazione,Attività di rafforzamento del club,False,False,2025-09-17,2025-09-17,,0,6,6.00,6.00,,,,0.00,0,,,,0.00,Monia Pesci
SA-09514195,001Ns00000EDgRMIA1,Firenze Filippo Neri,Insieme costruiamo oggi la pace di domani,"Firma del protocollo ""La cultura della relazione per la nuova comunità globale di pace"" tra Lions International Distretto 108La-Toscana e Rondine Cittadella della Pace c/o Salone dei Cinquecento in Palazzo Vecchio Firenze",Comunicato,True,Lions Club,Amministrazione,Attività di rafforzamento del club,False,False,2025-09-20,2025-09-20,,0,5,15.00,15.00,,,,0.00,0,,,,0.00,Monia Pesci
SA-09514253,001Ns00000EDgRMIA1,Firenze Filippo Neri,Cena di apertura dell'annata lionistica del Club c/o RARI CONCEPT BISTRO',Cena di apertura dell'annata lionistica del Club c/o RARI CONCEPT BISTRO',Comunicato,True,Lions Club,Amministrazione,Attività di rafforzamento del club,False,False,2025-09-24,2025-09-24,,0,60,300.00,300.00,,,,0.00,0,,EUR,65.00,75.72,Monia Pesci
SA-09514390,001Ns00000EDgRMIA1,Firenze Filippo Neri,"Calendario Lions 2026 per sostenere il progetto ""Lemons in the Room"" (visori per i bambini del Meyer)","Fotografie per il Calendario Lions 2026 per sostenere il progetto ""Lemons in the Room"" (visori per i bambini del Meyer) con apericena c/o La Tana dei Supereroi",Comunicato,True,Lions Club,Altro servizio umanitario,Attività per altri servizi sanitari,False,False,2025-10-23,2025-10-23,3000,3000,20,60.00,60.00,,EUR,100.00,117.20,0,Fondazione Zia Caterina,EUR,190.00,222.68,Monia Pesci
SA-09514618,001Ns00000EDgRMIA1,Firenze Filippo Neri,Consiglio Direttivo,Consiglio Direttivo,Comunicato,True,Lions Club,Amministrazione,Attività di rafforzamento del club,False,False,2025-11-12,2025-11-12,,0,6,6.00,6.00,,,,0.00,0,,,,0.00,Monia Pesci
SA-09514636,001Ns00000EDgRMIA1,Firenze Filippo Neri,Riunione Zoom GLT,Riunione Zoom GLT per approfondimenti sul Lion Portal,Comunicato,True,Lions Club,Amministrazione,Attività di rafforzamento del club,False,False,2025-11-24,2025-11-24,,0,1,3.00,3.00,,,,0.00,0,,,,0.00,Monia Pesci
SA-09514935,001Ns00000EDgRMIA1,Firenze Filippo Neri,Giornata Nazionale della Colletta Alimentare,Giornata Nazionale della Colletta Alimentare (Banco Alimentare) c/o Conad Via Zanella,Comunicato,True,Lions Club,Fame,Evento di distribuzione di alimenti alla comunità,False,False,2025-11-15,2025-11-15,500,500,3,9.00,9.00,,EUR,50.00,57.91,0,,EUR,50.00,57.91,Monia Pesci
SA-09514983,001Ns00000EDgRMIA1,Firenze Filippo Neri,Dimmi che mangi e ti dirò chi sei,"Serata di beneficienza e sensibilizzazione a stile di vita sano con apericena a base di vino, olio, miele, marmellata ed altri prodotti sani del nostro territorio e relazione su api e miele c/o Fondazione Zia Caterina",Comunicato,True,Lions Club,Altro servizio umanitario,Salute mentale e benessere,False,False,2025-11-25,2025-11-25,40,40,40,160.00,160.00,,EUR,300.00,347.48,0,Fondazione Zia Caterina,EUR,600.00,694.96,Monia Pesci
SA-09515049,001Ns00000EDgRMIA1,Firenze Filippo Neri,Consiglio Direttivo,Consiglio Direttivo,Comunicato,True,Lions Club,Amministrazione,Attività di rafforzamento del club,False,False,2025-12-01,2025-12-01,,0,11,11.00,11.00,,,,0.00,0,,,,0.00,Monia Pesci
SA-09515186,001Ns00000EDgRMIA1,Firenze Filippo Neri,Aperitivo Gruppo Operativo Officer c/o Serafini,Aperitivo Gruppo Operativo Officer c/o Serafini,Comunicato,True,Lions Club,Amministrazione,Attività di rafforzamento del club,False,False,2025-12-17,2025-12-17,,0,5,10.00,10.00,,,,0.00,0,,,,0.00,Monia Pesci
SA-09515228,001Ns00000EDgRMIA1,Firenze Filippo Neri,1° Salone Nazionale del Libro Lions,"1° Salone Nazionale del Libro Lions c/o Unahotels Bologna Fiera, partecipante Patrizia Mauro con il romanzo ""L'impronta della gheparda""",Comunicato,True,Lions Club,Amministrazione,Attività di rafforzamento del club,False,False,2025-10-04,2025-10-05,,0,1,16.00,16.00,,,,0.00,0,,,,0.00,Monia Pesci
SA-09535538,001Ns00000EDgRMIA1,Firenze Filippo Neri,"""Case green e sostenibilità - chiedi all'Ingegnere""",Evento formativo su sostenibilità abitativa e ambiente presso lo Stadio Artemio Franchi con piccolo aperitivo,Comunicato,True,Lions Club,Ambiente,Sensibilizzazione e istruzione e advocacy,False,False,2026-05-27,2026-05-27,12,12,12,36.00,36.00,,,,0.00,0,,,,0.00,Monia Pesci
SA-09535614,001Ns00000EDgRMIA1,Firenze Filippo Neri,Consiglio Direttivo,Consiglio Direttivo,Comunicato,True,Lions Club,Amministrazione,Attività di rafforzamento del club,False,False,2026-05-27,2026-05-27,,0,9,4.50,4.50,,,,0.00,0,,,,0.00,Monia Pesci
SA-09579720,001Ns00000EDgRMIA1,Firenze Filippo Neri,Lions in piazza - Coordinamento,Coordinamento interclub per organizzazione Lions in piazza 21 marzo 2026 a Bagno a Ripoli FI,Comunicato,True,Lions Club,Amministrazione,Attività di rafforzamento del club,False,False,2026-01-29,2026-01-29,,0,1,2.00,2.00,,,,0.00,0,,,,0.00,Claudio Iacono
SA-09579870,001Ns00000EDgRMIA1,Firenze Filippo Neri,I Lions per i Lemons,Raccolta fondi per acquisto visori da donare al Meyer presso Villa Olmi,Comunicato,True,Lions Club,Altro servizio umanitario,Attività per altri servizi sanitari,False,False,2026-04-20,2026-04-20,,0,,,0.00,,EUR,1145.00,1321.59,0,Ospedale Meyer,EUR,1145.00,1321.59,Monia Pesci
SA-09579737,001Ns00000EDgRMIA1,Firenze Filippo Neri,Lions in piazza - Coordinamento,Coordinamento interclub per organizzazione Lions in piazza 21 marzo 2026 a Bagno a Ripoli FI,Comunicato,True,Lions Club,Amministrazione,Attività di rafforzamento del club,False,False,2026-02-16,2026-02-16,,0,1,2.00,2.00,,,,0.00,0,,,,0.00,Claudio Iacono
SA-09579754,001Ns00000EDgRMIA1,Firenze Filippo Neri,Lions in piazza - Coordinamento,Coordinamento interclub per organizzazione Lions in piazza 21 marzo 2026 a Bagno a Ripoli FI,Comunicato,True,Lions Club,Amministrazione,Attività di rafforzamento del club,False,False,2026-03-02,2026-03-02,,0,2,4.00,4.00,,,,0.00,0,,,,0.00,Claudio Iacono
SA-09579796,001Ns00000EDgRMIA1,Firenze Filippo Neri,Cena conviviale Lions Club Bagno a Ripoli,Cena conviviale ospite del Lions Club Bagno a Ripoli presso Villa Tolomei a Firenze,Comunicato,True,Lions Club,Amministrazione,Attività di rafforzamento del club,False,False,2026-03-02,2026-03-02,,0,2,8.00,8.00,,,,0.00,0,,,,0.00,Claudio Iacono
SA-09579806,001Ns00000EDgRMIA1,Firenze Filippo Neri,Lions in piazza - Coordinamento,Coordinamento interclub per organizzazione Lions in piazza 21 marzo 2026 a Bagno a Ripoli FI,Comunicato,True,Lions Club,Amministrazione,Attività di rafforzamento del club,False,False,2026-03-09,2026-03-09,,0,1,2.00,2.00,,,,0.00,0,,,,0.00,Claudio Iacono
SA-09579815,001Ns00000EDgRMIA1,Firenze Filippo Neri,Convegno su endometriosi presso Hotel Columbus Firenze,Convegno su endometriosi presso Hotel Columbus a Firenze,Comunicato,True,Lions Club,Amministrazione,Attività di rafforzamento del club,False,False,2026-03-12,2026-03-12,,0,3,12.00,12.00,,,,0.00,0,,,,0.00,Claudio Iacono
SA-09579833,001Ns00000EDgRMIA1,Firenze Filippo Neri,Cena raccolta fondi per la famiglia del socio Andrea Brini,Cena raccolta fondi per la famiglia del socio Andrea Brini del Lions Club Le Signe presso Golf Club le Pavoniere a Prato,Comunicato,True,Lions Club,Altro servizio umanitario,Assistenza a un individuo,False,False,2026-03-24,2026-03-24,,0,,,0.00,,,,0.00,0,,EUR,200.00,236.24,Claudio Iacono
SA-09579863,001Ns00000EDgRMIA1,Firenze Filippo Neri,Distrettuale presso il Principino a Viareggio LU,Congresso distrettuale presso Il principino a Viareggio,Comunicato,True,Lions Club,Amministrazione,Attività di rafforzamento del club,False,False,2026-04-18,2026-04-18,,0,2,12.00,12.00,,,,0.00,0,,,,0.00,Claudio Iacono
SA-09579877,001Ns00000EDgRMIA1,Firenze Filippo Neri,Elezioni distretto 108 LA,Congresso per elezione dei rappresentanti del distretto 108 LA,Comunicato,True,Lions Club,Amministrazione,Attività di rafforzamento del club,False,False,2026-05-16,2026-05-16,,0,3,24.00,24.00,,,,0.00,0,,,,0.00,Claudio Iacono
SA-09579886,001Ns00000EDgRMIA1,Firenze Filippo Neri,Footgolf challenge,Riunione con amministratore delegato banca Ifigest per sponsorizzazione dell'evento Footgolf challenge del 06/06/2026 per raccolta fondi per Fondazione Zia Caterina,Comunicato,True,Lions Club,Amministrazione,Attività di rafforzamento del club,False,False,2026-05-19,2026-05-19,,0,1,2.00,2.00,,,,0.00,0,,,,0.00,Claudio Iacono
SA-09579893,001Ns00000EDgRMIA1,Firenze Filippo Neri,Footgolf challenge,Riunione organizzativa dell'evento Footgolf challenge del 06/06/2026 per raccolta fondi per Fondazione Zia Caterina,Comunicato,True,Lions Club,Amministrazione,Attività di rafforzamento del club,False,False,2026-05-17,2026-05-17,,0,1,2.00,2.00,,,,0.00,0,,,,0.00,Claudio Iacono
SA-09579938,001Ns00000EDgRMIA1,Firenze Filippo Neri,Riunione per organizzazione serata Footgolf 6.6.26,Riunione per organizzazione serata Footgolf 6.6.26,Comunicato,True,Lions Club,Amministrazione,Attività di rafforzamento del club,False,False,2026-06-03,2026-06-03,,0,3,3.00,3.00,,,,0.00,0,,,,0.00,Monia Pesci
SA-09541340,001Ns00000EDgRMIA1,FIRENZE GIOTTO,Congresso Nazionale,a Milano COngresso Nazionale,Comunicato,True,Lions Club,Amministrazione,Attività di rafforzamento del club,False,False,2026-05-22,2026-05-24,,0,2,80.00,80.00,,,,0.00,0,,,,0.00,Linda Longo
SA-09541308,001Ns00000EDgRMIA1,FIRENZE GIOTTO,Charter Night,charter 38 anno con donazione  1000 euro LCIF,Comunicato,True,Lions Club,Assistenza nei disastri,Donazione,False,False,2026-05-26,2026-05-26,,0,10,,0.00,,USD,1000.00,1000.00,1,lcif,,,0.00,Linda Longo
SA-09607328,001Ns00000EDgRMIA1,GROSSETO HOST,attivita'  culturale,visita guidata agli scavi archeologici di Roselle (GR),Comunicato,True,Lions Club,Amministrazione,Attività di rafforzamento del club,False,False,2026-05-09,2026-05-09,34,34,15,75.00,75.00,,,,0.00,0,,,,0.00,Salvatore Fadda
SA-09607424,001Ns00000EDgRMIA1,GROSSETO HOST,partita contro le mafie,"Il 22 maggio è stata presentata, nell'aula consiliare del comune di Grosseto ed alla presenza delle più alte autorità cittadine, l'attività per la raccolta dei fondi da donare al reparto pediatrico della città.
All'iniziativa hanno aderito tutte le forze di polizie presenti in provincia e le associazioni d'Arma.
Il 26 maggio si è disputata la partita alla presenza di un numeroso pubblico  che ha consentito la raccolta di una somma considerevole.",Comunicato,True,Lions Club,Altro servizio umanitario,Attività per altri servizi sanitari,False,False,2026-05-22,2026-05-26,,0,4,15.00,15.00,,EUR,1900.00,2225.45,0,reparto pediatrico dell'ospedale di Grosseto,EUR,1900.00,2225.45,Salvatore Fadda
SA-09607530,001Ns00000EDgRMIA1,GROSSETO HOST,Congresso Distrettuale,i Delegati del Club hanno partecipato attivamente al congresso distrettuale.,Comunicato,True,Lions Club,Amministrazione,Attività di rafforzamento del club,False,False,2026-05-16,2026-05-16,,0,3,27.00,27.00,,,,0.00,0,,,,0.00,Salvatore Fadda
SA-09494836,001Ns00000EDgRMIA1,LE SIGNE,Contributo Service per Andrea,Raccolta Fondi in aiuto della Famiglia del nostro Socio Andrea Brini,Comunicato,True,Lions Club,Altro servizio umanitario,Donazione,False,False,2026-03-05,2026-03-05,1,1,20,1.00,1.00,,EUR,3000.00,3543.67,0,Brini,EUR,3000.00,3543.67,Livio Casamonti
SA-09502300,001Ns00000EDgRMIA1,LE SIGNE,Grant Distretto 108 LA - Progetto Calcio d'Inizio,"Donazione di 11 tavoli da calciobalilla professionali da destinare agli spazi comuni dell'istituto.
Il modello Andromeda è stato scelto per l'estrema robustezza del mobile in legno nobilitato MDF con laminato
melamminico nero.",Comunicato,True,Lions Club,Altro servizio umanitario,Donazione,False,False,2026-05-20,2026-05-20,600,600,4,20.00,20.00,,USD,87.50,87.50,0,Casa Circondariale Sollicciano,,,0.00,Livio Casamonti
SA-09605360,001Ns00000EDgRMIA1,MASSA E CARRARA APUANIA,QUARTA  RIUNIONE LIONS CLUBS della  ZONA H - IV^ CIRCOSCRIZIONE.,RIUNIONE ZONA H - IV Circoscrizione - Distretto 108 La. EFFETTUATA  A VIAREGGIO PER IL COORDINAMENTO DEL SERVICE DELLA ZONA H - CINQUE GIORNI IN  IN LIBERTA'.,Comunicato,True,Lions Club,Amministrazione,Attività di rafforzamento del club,False,False,2026-05-28,2026-05-28,20,20,1,2.00,2.00,,USD,200.00,200.00,0,SERVICE ZONA H Annata Lionistica 2025-2026.,,,0.00,Fabrizio Biagioni
SA-09605274,001Ns00000EDgRMIA1,MASSA E CARRARA APUANIA,CONSIGLIO DIRETTIVO DEL L.C. MASSA e CARRARA APUANIA,"CONSIGLIO DIRETTIVO PER DEFINIRE - ATTIVITA' DEL CLUB, PASSAGGIO DELLA CAMPANA varie ed eventuali,",Comunicato,True,Lions Club,Amministrazione,Attività di rafforzamento del club,False,False,2026-05-11,2026-05-11,,0,8,24.00,24.00,,,,0.00,0,,,,0.00,Fabrizio Biagioni
SA-09605284,001Ns00000EDgRMIA1,MASSA E CARRARA APUANIA,CONGRESSO DISTRETTUALE.,CONGRESSO DEL DISTRETTO 108 La-,Comunicato,True,Lions Club,Amministrazione,Attività di rafforzamento del club,False,False,2026-05-16,2026-05-16,,0,2,12.00,12.00,,,,0.00,0,,,,0.00,Fabrizio Biagioni
SA-09597996,001Ns00000EDgRMIA1,Monsummano Terme - Giuseppe Giusti,Workshop borse uncinetto con LC Pistoia Fuorcivitaz,"workshop creazione  borse all'uncinetto  con apericena, in collaborazione con LC Pistoia Fuorcivitas a favore della fondazione  ""Mai soli"" ETS che sostiene persone con disabilità nello sviluppo di una propria autonomia.",Comunicato,True,Lions Club,Altro servizio umanitario,Iniziative per i disabili,False,False,2026-05-07,2026-05-07,30,30,,4.00,4.00,,EUR,170.00,199.12,0,,EUR,170.00,199.12,Paola Poggi
SA-09597974,001Ns00000EDgRMIA1,Monsummano Terme - Giuseppe Giusti,Adozione alveare,Rinnovo adozione alveare presso Apicoltura Feri di Scandicci,Comunicato,True,Lions Club,Ambiente,Donazione,False,False,2026-04-23,2026-04-23,,0,,,0.00,,EUR,280.00,323.18,0,Apicoltura Feri,,,0.00,Paola Poggi
SA-09598044,001Ns00000EDgRMIA1,Monsummano Terme - Giuseppe Giusti,RACCOLTA TAPPI in plastica per centro diurno RAGGIO DI SOLE,"Raccolta di 56kg di tappi in plastica in collaborazione con Leo Club Montecatini Terme, a favore del centro diurno RAGGIO DI SOLE di Orbignano. I tappi vengono riciclati e col ricavato viene acquistato materiale per i laboratori dei ragazzi disabili ospiti, coi quali vengono realizzati diversi progetti e il mercatino del Centro.",Comunicato,True,Lions Club,Ambiente,Donazione,False,False,2025-10-23,2026-05-22,18,18,,,0.00,,EUR,100.00,117.20,0,centro diurno RAGGIO DI SOLE,,,0.00,Paola Poggi
SA-09492218,001Ns00000EDgRMIA1,Montecatini Terme Castello,Medici in Piazza,"Domenica 26 aprile 2026, Piazza del Popolo a Montecatini Terme si è trasformata in un grande spazio dedicato alla prevenzione sanitaria gratuita, grazie all?iniziativa ?Medici in Piazza?.
Un evento che ha visto la collaborazione tra il Lions Club Montecatini Terme Castello, il Lions Club Montecatini Terme e il Lions Club Monsummano Terme - Giuseppe Giusti, uniti per offrire un servizio concreto alla comunità.
Durante la giornata sono state effettuate oltre 300 visite mediche gratuite, confermando ancora una volta quanto sia fondamentale rendere la prevenzione accessibile a tutti.
Un sentito ringraziamento va ai medici e ai professionisti sanitari che hanno messo a disposizione il proprio tempo e le proprie competenze, ai volontari che hanno contribuito all?organizzazione e a tutti i cittadini che hanno partecipato con interesse e fiducia.",Comunicato,True,Lions Club,Altro servizio umanitario,Evento comunitario,False,False,2026-04-26,2026-04-26,103,103,10,60.00,60.00,,EUR,2215.00,2556.61,0,,,,0.00,Alessandro Bondì
SA-09492226,001Ns00000EDgRMIA1,Montecatini Terme Castello,Lotteria per service Distretto 108La,"Partecipazione del club alla lotteria del distretto in favore di ISPRO, Rondine cittadella della pace e Lemons in the room con la distribuzione di n. 50 biglietti.",Comunicato,True,Lions Club,Cancro infantile,Donazione,False,False,2026-04-26,2026-04-26,,0,,,0.00,,EUR,500.00,577.11,0,Distretto 108La,EUR,500.00,577.11,Alessandro Bondì
SA-09492237,001Ns00000EDgRMIA1,Montecatini Terme Castello,Donazione LCIF,Donazione del club alla Fondazione LCIF,Comunicato,True,Lions Club,Altro servizio umanitario,Donazione,False,False,2026-04-24,2026-04-24,,0,,,0.00,,EUR,888.33,1025.33,1,LCIF,,,0.00,Alessandro Bondì
SA-09492439,001Ns00000EDgRMIA1,Montecatini Terme Castello,"Spettacolo Teatrale ""E vissero (quasi tutti) felici e contenti)","Una serata speciale, quella di giovedì sera al Teatro Yves Montand di Monsummano Terme: sala piena, tante risate, molte emozione e un grande cuore che batte forte.
Grazie alla Compagnia Teatrale Birbanti in Scena per averci regalato uno spettacolo capace di unire leggerezza e significato, e grazie a tutte le persone che hanno scelto di esserci: il vostro sostegno fa la differenza. 
Il ricavato della serata sarà destinato alla realizzazione della cartellonistica di Comunicazione Aumentata Alternativa (CAA) e devoluto all'Associazione IL SOLE ADP 
Quando il teatro diventa occasione di inclusione e solidarietà, vince tutta la comunità.",Comunicato,True,Lions Club,Altro servizio umanitario,Iniziative per i disabili,False,False,2026-05-14,2026-05-14,235,235,10,40.00,40.00,,EUR,400.00,468.52,0,Il sole APS,EUR,3000.00,3513.87,Alessandro Bondì
SA-09565037,001Ns00000EDgRMIA1,PESCIA,assemblea soci presso Centro socio riabilitativo IL FARO,Assemblea socio presso il Centro Socio riabilitativo il FARO i cui ragazzi hanno collaborato alla realizzazione della cena insieme agli operatori,Comunicato,True,Lions Club,Amministrazione,Attività di rafforzamento del club,False,False,2026-05-14,2026-05-14,,0,25,75.00,75.00,,,,0.00,0,,,,0.00,Sandro Di Marco
SA-09565101,001Ns00000EDgRMIA1,PESCIA,Assemblea congressuale distrettuale di Firenze,partecipazione ASSEMBLEA CONGRESUALE CON 6 MEMBRI DEL CLUB PIU IL PRESIDENTE,Comunicato,True,Lions Club,Amministrazione,Attività di rafforzamento del club,False,False,2026-05-16,2026-05-16,,0,7,63.00,63.00,,,,0.00,0,,,,0.00,Sandro Di Marco
SA-09565133,001Ns00000EDgRMIA1,PESCIA,Service della Vista,service raccolta occhiali 361 paia di occhiali svolto dal socio Lorenzo Guidi,Comunicato,True,Lions Club,Vista,Raccolta e riciclaggio di occhiali,True,False,2026-05-27,2026-05-27,400,400,10,200.00,200.00,,,,0.00,0,,,,0.00,Sandro Di Marco
SA-09565218,001Ns00000EDgRMIA1,PESCIA,Puliamo Pescia service natura,"Il LEO Club Pescia insieme Lions Pescia service ambiente "" Puliamo Pescia""",Comunicato,True,Lions Club,Ambiente,Riciclaggio e gestione dei rifiuti,False,False,2026-05-30,2026-05-30,1000,1000,3,12.00,12.00,,,,0.00,0,,,,0.00,Sandro Di Marco
SA-09565310,001Ns00000EDgRMIA1,PESCIA,Service Pinocchio e giovani,Partecipato allo spettacolo a Milano dei ragazzi che avevamo ospitato al Parco di Pinocchio con la presenza ex Governatore distretto Lions milano M. Belrosso e responsabile del Dipartimento delle nuove povertà,Comunicato,True,Lions Club,Giovani,Istruzione e alfabetizzazione,False,False,2026-05-28,2026-05-28,20,20,2,40.00,40.00,,,,0.00,0,,,,0.00,Sandro Di Marco
SA-09565367,001Ns00000EDgRMIA1,PESCIA,gita in garfagnana,gita in Garfagnana con collaborazione del Pres zona Civinini e socio Mori del Lions club Garfagnana,Comunicato,True,Lions Club,Amministrazione,Attività di rafforzamento del club,False,False,2026-05-31,2026-05-31,,0,20,200.00,200.00,,,,0.00,0,,,,0.00,Sandro Di Marco
SA-09526914,001Ns00000EDgRMIA1,PISA CERTOSA,Camper della Salute,giornata Camper della Salute a Pisa,Comunicato,True,Lions Club,Diabete,Screening per il diabete di tipo 2,False,False,2026-04-03,2026-04-03,200,200,6,70.00,70.00,,,,0.00,0,,,,0.00,Massimiliano Razzano
SA-09489339,001Ns00000EDgRMIA1,PISTOIA,Borsa di studio in ricordo di Lorenzo Andreotti,"Contributo alla borsa di studio insieme ai club della III Circoscrizione in memoria di Lorenzo Andreotti, figlio del Presidente di Zona, prematuramente scomparso per una rapida malattia",Comunicato,True,Lions Club,Giovani,Donazione,False,False,2026-03-10,2026-03-10,,0,,,0.00,,EUR,100.00,118.12,0,Fondazione Lorenzo Andreotti,,,0.00,Alberto Carradori
SA-09489357,001Ns00000EDgRMIA1,PISTOIA,Volare senza limiti,Partecipazione insieme a circa 30 Lions e Leo Club del Distretto a 2 giornate di volo offerto a ragazzi con varie disabilità,Comunicato,True,Lions Club,Altro servizio umanitario,Iniziative per i disabili,False,False,2025-08-25,2025-09-06,120,120,3,12.00,12.00,,EUR,400.00,458.70,0,Volare senza limiti,,,0.00,Alberto Carradori
SA-09489382,001Ns00000EDgRMIA1,PISTOIA,Stelle di Natale AIL,Acquisto di stelle di Natale a sostegno della ricerca AIL e donate alle signore presenti alla Charter,Comunicato,True,Lions Club,Altro servizio umanitario,Donazione,False,False,2025-12-15,2025-12-15,,0,,,0.00,,EUR,480.00,555.18,0,A.I.L.,,,0.00,Alberto Carradori
SA-09489398,001Ns00000EDgRMIA1,PISTOIA,Corso HCCP a favore dei ragazzi dell'associazione Il Sole ADP Ets,"Corso HCCP a favore dei ragazzi con trisomia 21 dell'Associazione Il Sole ADP, parte di un progetto per inserire questi ragazzi nel mondo del lavoro",Comunicato,True,Lions Club,Giovani,Istruzione e alfabetizzazione,False,False,2026-01-19,2026-05-08,25,25,2,30.00,30.00,,,,0.00,0,,,,0.00,Alberto Carradori
SA-09510838,001Ns00000EDgRMIA1,PISTOIA,Lotteria a favore di Ispro,Vendita biglietti della lotteria distrettuale a favore del service per la prevenzione oncologica di ISPRO,Comunicato,True,Lions Club,Cancro infantile,Donazione,False,False,2026-04-21,2026-04-21,,0,,,0.00,,EUR,250.00,288.56,0,Ispro,,,0.00,Alberto Carradori
SA-09510849,001Ns00000EDgRMIA1,PISTOIA,Contributo Leo club Pistoia Balì,Contributo a favore del Leo club Pistoia Balì di cui il Lions Club Pistoia è padrino,Comunicato,True,Lions Club,Giovani,Donazione,False,False,2026-04-13,2026-04-13,,0,,,0.00,,EUR,1000.00,1154.22,0,Leo club Pistoia Balì,,,0.00,Alberto Carradori
SA-09583059,001Ns00000EDgRMIA1,PISTOIA FUORCIVITAS,7 ^ ASSEMBLEA ORDINARIA DEI SOCI LIONS CLUB PISTOIA FUORCIVITAS,7^  ASSEMBLEA ORDINARIA DEI SOCI LIONS CLUB PISTOIA FUORCIVITAS,Comunicato,True,Lions Club,Amministrazione,Attività di rafforzamento del club,False,False,2026-04-22,2026-04-22,,0,12,30.00,30.00,,,,0.00,0,,,,0.00,Tiberio Fedi
SA-09583130,001Ns00000EDgRMIA1,PISTOIA FUORCIVITAS,CREA LA TUA CLUTCH UNCINETTO,SERVICE insieme a MONSUMMANO TERME  apericena workshop crea la tua clutch all uncinetto caffè New York,Comunicato,True,Lions Club,Altro servizio umanitario,Altro,False,False,2026-05-07,2026-05-07,60,60,10,30.00,30.00,,USD,340.00,340.00,0,fondazione mai soli ETS pieve a nievole,USD,340.00,340.00,Tiberio Fedi
SA-09543125,001Ns00000EDgRMIA1,POGGIO A CAIANO - CARMIGNANO - MEDICEI,Settimana Internazionale del Service tema Ambiente.,"Uscita didattica Giardino di Boboli, Palazzo Pitti Firenze. Classe 2F Scuola media Filippo Mazzei di Poggio a Caiano.",Comunicato,True,Lions Club,Giovani,Sensibilizzazione e istruzione e advocacy,False,False,2026-04-21,2026-04-21,25,25,5,20.00,20.00,,,,0.00,0,,,,0.00,Giulia Giusti
SA-09543415,001Ns00000EDgRMIA1,POGGIO A CAIANO - CARMIGNANO - MEDICEI,Balli e balletti per la Corte Medicea.,"Serata conviviale con cenqa al Mestolo d'oro di Poggio a Caiano. E' interveuta la professoressa Gloria Giordano spiegando agli altri commensali usi sulle danze dell'epoca alla corte del Medici.
Sono stati donati 500 euro alla Misericordia.",Comunicato,True,Lions Club,Giovani,Donazione,False,False,2026-05-07,2026-05-07,28,28,8,8.00,8.00,,USD,500.00,500.00,0,Misericordia di Poggio a Caiano,USD,500.00,500.00,Giulia Giusti
SA-09512533,001Ns00000EDgRMIA1,PONTASSIEVE - STIBBERT,Serata di Formazione,"Incontro con il referente distrettuale del ""Program Alert"" Federico Romolini  - relatore Arch. Davide Gori ""La prevenzione sismica negli ambienti domestici""",Comunicato,True,Lions Club,Amministrazione,Attività di rafforzamento del club,False,False,2026-05-19,2026-05-19,,0,40,3.00,3.00,,,,0.00,0,,,,0.00,Anna Maria Bamonte
SA-09512452,001Ns00000EDgRMIA1,PONTASSIEVE - STIBBERT,Spettacolo Teatrale GALLINA VECCHIA a Firenze oggi,"Spettacolo teatrale presso il teatro Le Laudi di Firenze : ""Gallina vecchia a Firenze oggi"" organizzato in Interclub con L.C Impruneta San Casciano e L.C.Firenze  Poggio Imperiale",Comunicato,True,Lions Club,Altro servizio umanitario,Attività per altri servizi sanitari,False,False,2026-05-08,2026-05-08,200,200,,3.00,3.00,,EUR,1500.00,1756.94,0,Ass.ne Pane quotidiano - Misericordie di Impruneta e Pontassieve,EUR,1500.00,1756.94,Anna Maria Bamonte
SA-09512496,001Ns00000EDgRMIA1,PONTASSIEVE - STIBBERT,Consiglio Direttivo,Svolgimento riunione del consiglio direttivo,Comunicato,True,Lions Club,Amministrazione,Attività di rafforzamento del club,False,False,2026-05-06,2026-05-06,,0,15,4.00,4.00,,,,0.00,0,,,,0.00,Anna Maria Bamonte
SA-09512508,001Ns00000EDgRMIA1,PONTASSIEVE - STIBBERT,Congresso Distrettuale,Partecipazione al Congresso Distrettuale,Comunicato,True,Lions Club,Amministrazione,Attività di rafforzamento del club,False,False,2026-05-16,2026-05-16,,0,4,8.00,8.00,,,,0.00,0,,,,0.00,Anna Maria Bamonte
SA-09518917,001Ns00000EDgRMIA1,PONTASSIEVE - STIBBERT,Premiazione concorso UN POSTER per la PACE,"Consegna attestati di partecipazione e premi ai vincitori alunni della scuola primaria paritaria ""Monticelli""  di Firenze",Comunicato,True,Lions Club,Giovani,Concorso Un Poster per la Pace e Concorso di saggistica,False,False,2025-10-01,2026-05-25,234,234,2,5.00,5.00,,,,0.00,0,,,,0.00,Anna Maria Bamonte
SA-09537848,001Ns00000EDgRMIA1,PRATO CURZIO MALAPARTE,XLV° Congresso Distrettuale,Per il Lions Club Prato Curzio Malaparte hanno preso parte al Congresso Distrettuale 4 Soci di cui 2 Delegati.,Comunicato,True,Lions Club,Amministrazione,Attività di rafforzamento del club,False,False,2026-05-16,2026-05-16,,0,4,32.00,32.00,,,,0.00,0,,,,0.00,Roberto Pierattini
SA-09537877,001Ns00000EDgRMIA1,PRATO CURZIO MALAPARTE,Congresso Nazionale 108 Italy,"Delegata per il Club la Socia Barbara Becherucci, secondo Vice Governatore Distretto 108LA",Comunicato,True,Lions Club,Amministrazione,Attività di rafforzamento del club,False,False,2026-05-22,2026-05-24,,0,1,30.00,30.00,,,,0.00,0,,,,0.00,Roberto Pierattini
SA-09537909,001Ns00000EDgRMIA1,PRATO CURZIO MALAPARTE,Mescoliamoci,"Il Service Distrettuale ha visto realizzarsi discipline sportive inclusive quali Basket in carrozzina, calcio per non vedenti, tiro con l'arco, tennis, scherma.",Comunicato,True,Lions Club,Giovani,Altro,False,False,2026-05-09,2026-05-09,100,100,3,15.00,15.00,,,,0.00,0,,,,0.00,Roberto Pierattini
SA-09493820,001Ns00000EDgRMIA1,PRATO DATINI,Gara Golf per raccolta fondi Associazione Tommasino Bacciotti,service gare di golf con raccolta fondi,Comunicato,True,Lions Club,Cancro infantile,Donazione,True,False,2025-09-20,2025-09-20,,0,,,0.00,,EUR,15500.00,18055.63,0,Fondazione Tommasino Bacciotti,EUR,15500.00,18055.63,Roberto Zerbinati
SA-09493868,001Ns00000EDgRMIA1,PRATO DATINI,Commemorazione Soci Lions defunti,Messa con donazione alla Chiesa santa Maria del Giglio,Comunicato,True,Lions Club,Altro servizio umanitario,Donazione,False,False,2025-11-03,2025-11-03,20,20,,2.00,2.00,,EUR,200.00,231.65,0,santuario Santa Maria del Giglio,EUR,200.00,231.65,Roberto Zerbinati
SA-09493887,001Ns00000EDgRMIA1,PRATO DATINI,interclubs per il Centro di aiuto alla Vita,service interclubs con clubs services pratesi per la raccolta fondi a favore del Centro Di Aiuto alla Vita,Comunicato,True,Lions Club,Altro servizio umanitario,Donazione,False,False,2025-11-14,2025-11-14,200,200,,15.00,15.00,,EUR,11650.00,13493.87,0,Centro di Aiuto alla Vita -Prato,EUR,11650.00,13493.87,Roberto Zerbinati
SA-09493907,001Ns00000EDgRMIA1,PRATO DATINI,Service per Cooperativa Sociale Margherita,Incontro con donazione alla cooperativa sociale Margherita,Comunicato,True,Lions Club,Altro servizio umanitario,Donazione,False,False,2025-12-01,2025-12-01,30,30,,,0.00,,EUR,1115.00,1289.63,0,Cooperativa Sociale Margherita,EUR,1115.00,1289.63,Roberto Zerbinati
SA-09493930,001Ns00000EDgRMIA1,PRATO DATINI,darwin day - interclubs,"conferenza presso Università Prato su Darwin, fatto in Interclubs con tutti i Clubs Services di Prato",Comunicato,True,Lions Club,Altro servizio umanitario,Altro,False,False,2026-02-12,2026-02-12,100,100,12,4.00,4.00,,EUR,100.00,119.32,0,P.I.N.,EUR,100.00,119.32,Roberto Zerbinati
SA-09493958,001Ns00000EDgRMIA1,PRATO DATINI,ACQUISTO PRESEPI CIOCCOLATA PER LCIF,DONAZIONE LCIF,Comunicato,True,Lions Club,Altro servizio umanitario,Donazione,False,False,2025-12-01,2025-12-24,,0,,,0.00,,EUR,728.00,842.02,1,LIONS CLUB INTERNATIONAL FONDATION,EUR,728.00,842.02,Roberto Zerbinati
SA-09493971,001Ns00000EDgRMIA1,PRATO DATINI,ACQUISTO UOVA DI PASQUA LCIF,ACQUISTO UOVA DI PASQUA LCIF,Comunicato,True,Lions Club,Altro servizio umanitario,Donazione,False,False,2026-03-01,2026-03-18,,0,,,0.00,,EUR,390.00,460.68,1,LIONS CLUB INTERNATIONAL FONDATION,EUR,390.00,460.68,Roberto Zerbinati
SA-09572553,001Ns00000EDgRMIA1,SAN GIMIGNANO VIA FRANCIGENA,vendita azalee per raccolta fondi AIRC,vendita azalee per raccogliere fondi in favore dell'AIRC,Comunicato,True,Lions Club,Altro servizio umanitario,Altro,False,False,2026-05-10,2026-05-10,,0,10,12.00,12.00,,USD,268000.00,200000.00,0,airc,USD,268000.00,250000.00,Luigi Granati
SA-09565566,001Ns00000EDgRMIA1,SERRAVALLE PISTOIESE,Medici in piazza,"Service denominato ""Medici in piazza"" svoltosi in località Quarrata in sinergia con Lions Club Pistoia Fuorcivitas e Lions Club Quarrata,finalizzato alle visite gratuite alla cittadinananza da parte di medici Lions e non.",Comunicato,True,Lions Club,Vista,Screening della vista per adulti,True,False,2026-05-24,2026-05-24,300,300,20,70.00,70.00,,,,0.00,0,,,,0.00,Luciano Ciravegna
SA-09565655,001Ns00000EDgRMIA1,SERRAVALLE PISTOIESE,Scuola del Ricamo,"La ""Scuola del Ricamo"" è l'incontro fra maestre ricamatrici e discenti che ogni anno a livello nazionale ed internazionale producono particolari lavorazioni (tessuti,tovaglie,etc..) che poi presentano in varie manifestazioni.Le piu' belle e particolari sono premiate ed il Lions Club Serravalle Pistoiese contribuisce per la valorizzazione di tale particolare peculiarità del territorio",Comunicato,True,Lions Club,Altro servizio umanitario,Altro,True,False,2025-12-16,2026-05-29,50,50,5,70.00,70.00,,EUR,500.00,578.31,0,Scuola del Ricamo,EUR,500.00,578.31,Luciano Ciravegna
SA-09592380,001Ns00000EDgRMIA1,SESTO FIORENTINO,Piantumazione Albero,Piantumazione di un albero di varietà Leccio all?interno del Parco del Neto ubicato tra Sesto Fiorentino e Calenzano. Iniziativa realizzata nell?ambito del progetto Piantiamolo promosso dal comune di Calenzano,Comunicato,True,Lions Club,Ambiente,Messa a dimora e cura di alberi,True,False,2026-04-18,2026-04-18,1000,1000,7,4.00,4.00,,,,0.00,0,,EUR,150.00,173.13,Simone Amati
SA-09548663,001Ns00000EDgRMIA1,SIENA,Consighlio Direttivo,Riunione Consiglio Direttivo,Comunicato,True,Lions Club,Amministrazione,Attività di rafforzamento del club,False,False,2026-05-05,2026-05-05,,0,19,38.00,38.00,,,,0.00,0,,,,0.00,Mauro Trecci
SA-09548712,001Ns00000EDgRMIA1,SIENA,Gita a Radicofani Interclub,Gita a Radicofani con visita al paese e pranzo insieme a soci del Rotary Siena Est,Comunicato,True,Lions Club,Altro servizio umanitario,Altro,False,False,2026-05-10,2026-05-10,50,50,8,56.00,56.00,,EUR,1000.00,1171.29,0,Associazione Sclerosi Multipla Siena,EUR,1000.00,1171.29,Mauro Trecci
SA-09549768,001Ns00000EDgRMIA1,SIENA,"Meeting ""L'attività dell'Università di Siena - presente  e futuro",Meeting con i soci e amici con l'intervento del Magnifico Rettore dell'Università di Siena,Comunicato,True,Lions Club,Amministrazione,Attività di rafforzamento del club,False,False,2026-05-19,2026-05-19,,0,32,128.00,128.00,,,,0.00,0,,,,0.00,Mauro Trecci
SA-09549731,001Ns00000EDgRMIA1,SIENA,Congresso Distretto Lions 108 LA Toscana,Congresso Distretto Lions 108 LA Toscana,Comunicato,True,Lions Club,Amministrazione,Attività di rafforzamento del club,False,False,2026-05-16,2026-05-16,,0,10,90.00,90.00,,,,0.00,0,,,,0.00,Mauro Trecci
SA-09549786,001Ns00000EDgRMIA1,SIENA,Congresso Multidistretto Italia,Congresso del Multidistretto Italia a Milano,Comunicato,True,Lions Club,Amministrazione,Attività di rafforzamento del club,False,False,2026-05-22,2026-05-24,,0,10,86.00,86.00,,,,0.00,0,,,,0.00,Mauro Trecci
SA-09549832,001Ns00000EDgRMIA1,SIENA,"Meeting ""L'attività del Nucleo Carabinieri Forestali nella Provincia di Siena""",Meeting con i soci e amici,Comunicato,True,Lions Club,Amministrazione,Attività di rafforzamento del club,False,False,2026-05-26,2026-05-26,,0,24,96.00,96.00,,,,0.00,0,,,,0.00,Mauro Trecci
SA-09549852,001Ns00000EDgRMIA1,SIENA,Riunione della Circoscrizione,Riunione della Circoscrizione a Castiglione della Pescaia (GR),Comunicato,True,Lions Club,Amministrazione,Attività di rafforzamento del club,False,False,2026-05-30,2026-05-30,,0,6,24.00,24.00,,,,0.00,0,,,,0.00,Mauro Trecci
SA-09498419,001Ns00000EDgRMIA1,"Siena ""Torre di Mezzo""",Service Gocce di vita- donazione sangue -secondo evento,Seconda donazione di sangue  dell'anno  al Centro Emotrasfusionale dell'Azienda Ospedaliera Universitaria Senese.,Comunicato,True,Lions Club,Altro servizio umanitario,Donazione,False,False,2026-05-11,2026-05-11,,0,5,,0.00,,USD,0.00,0.00,0,Centro Emotrasfusionale dell'Azienda Ospedaliera Universitaria Senese,,,0.00,Alessandra Addis
SA-09512133,001Ns00000EDgRMIA1,VALDICHIANA I CHIARI,Acqua azzurra acqua rara,acqua azzurra acqua rara,Comunicato,True,Lions Club,Ambiente,Sensibilizzazione e istruzione e advocacy,True,False,2026-05-17,2026-05-17,100,100,3,12.00,12.00,,EUR,500.00,585.65,0,,EUR,500.00,585.65,Marco Forzoni
SA-09503666,001Ns00000EDgRMIA1,VIAREGGIO HOST,Consiglio Direttivo Maggio 2026,Consiglio Direttivo del mese di Maggio 2026,Comunicato,True,Lions Club,Amministrazione,Attività di rafforzamento del club,False,False,2026-05-20,2026-05-20,,0,21,3.00,3.00,,,,0.00,0,,,,0.00,Marco Boccella
SA-09491952,001Ns00000EDgRMIA1,VOLTERRA,congresso distrettuale,partecipazione al congresso distrettuale a Firenze,Comunicato,True,Lions Club,Amministrazione,Attività di rafforzamento del club,False,False,2026-05-16,2026-05-16,,0,4,41.00,41.00,,,,0.00,0,,,,0.00,Luciano Fiaschi
SA-09550743,001Ns00000EDgRMIA1,VOLTERRA,concorso 1 poster per la pace premiazione,premiazione vincitrice locale del concorso internazionale 1 poster per la pace 2025/26 - scuola m. di Montecatini Val di Cecina - Istituto compensivo di Volterra,Comunicato,True,Lions Club,Giovani,Concorso Un Poster per la Pace e Concorso di saggistica,False,False,2026-05-28,2026-05-28,1,1,2,2.00,2.00,,EUR,150.00,175.69,0,,,,0.00,Luciano Fiaschi
SA-09582670,001Ns00000EDgRMIA1,VOLTERRA,service occhiali usati,raccolta occhiali usati per invio a centro raccolta lions di Chivasso (I) da destinare a varie parti del Mondo.,Comunicato,True,Lions Club,Ambiente,Altro,True,False,2026-06-03,2026-06-03,72,72,1,34.00,34.00,,,,0.00,0,,,,0.00,Luciano Fiaschi
SA-09582546,001Ns00000EDgRMIA1,VOLTERRA,donazione scuola per service per giovani,contributo alla scuola media di Pomarance (PI) per la collaborazione al concorso 1 poster per la pace 2025/26,Comunicato,True,Lions Club,Giovani,Donazione,True,False,2026-05-30,2026-05-30,,0,,,0.00,,EUR,200.00,234.26,0,scuola media statale,,,0.00,Luciano Fiaschi
SA-09582598,001Ns00000EDgRMIA1,VOLTERRA,gemellaggio,"accoglienza e ospitalità di una delegazione di Lions del Club di Provins-Nangis-Brayn sur Seine (F), con il quale il LC di Volterra è gemellato dal 1994, nell'ambito di incontri reciproci  biennali.",Comunicato,True,Lions Club,Amministrazione,Attività di rafforzamento del club,False,False,2026-05-29,2026-05-31,,0,7,84.00,84.00,,,,0.00,0,,,,0.00,Luciano Fiaschi
SA-09582642,001Ns00000EDgRMIA1,VOLTERRA,raccolta occhiali usati,invio di 195 occhiali usati al centro di reaccolta lions di Chivasso (I),Comunicato,True,Lions Club,Vista,Raccolta e riciclaggio di occhiali,True,False,2026-06-03,2026-06-03,72,72,1,1.00,1.00,,,,0.00,0,,,,0.00,Luciano Fiaschi
SA-09591174,001Ns00000EDgRMIA1,VOLTERRA,service per i giovani 1 Poster per la pace,premiazione di due vincitrici ex aequo a livello locale del concorso internazionale 1 poster per la pace 2025/26 (uniti come una cosa sola) presso la scuola media di pomarance (Pi),Comunicato,True,Lions Club,Giovani,Concorso Un Poster per la Pace e Concorso di saggistica,False,False,2026-05-30,2026-05-30,2,2,2,2.00,2.00,,EUR,300.00,351.39,0,,,,0.00,Luciano Fiaschi
SA-09591247,001Ns00000EDgRMIA1,VOLTERRA,charter night 60^ LCV  conviviale aperta,"celebrazione della 60^ charter night del LC Volterra insieme ad una delegazione di Lions del club gemellato di Provins-Nangis-Brayn sur Seine (F) presenti a  Volterra nell'ambito di scambio reciproco di visita  biennale, ed inisieme a Sindaci del ns territorio, del presidente di Zona I e del presidente del LC Cecina (Li) che fu padrino del ns Club  nel 1966",Comunicato,True,Lions Club,Amministrazione,Attività di rafforzamento del club,False,False,2026-05-30,2026-05-30,,0,17,7.00,7.00,,,,0.00,0,,,,0.00,Luciano Fiaschi
SA-09604813,001Ns00000EDgRMIA1,VOLTERRA,riunione,partecipazione del presidente alla Charter Night del L C Cecina,Comunicato,True,Lions Club,Amministrazione,Attività di rafforzamento del club,False,False,2026-06-06,2026-06-06,,0,1,6.00,6.00,,,,0.00,0,,,,0.00,Luciano Fiaschi
